category,year,quarter,context_label,n_mentions,sum_amount_usd
Hurricane_Ike,2009,3,drawdown,77,716995819.37
Hurricane_Ike,2009,3,expended,60,28156818.49
Hurricane_Ike,2009,3,budget,47,508431045.2
Hurricane_Ike,2009,3,unknown,33,6019307967.31
Hurricane_Ike,2009,3,obligated,2,3057991440.0
Hurricane_Ike,2009,4,drawdown,1582,800368683.66
Hurricane_Ike,2009,4,expended,1370,799209902.85
Hurricane_Ike,2009,4,budget,1061,2633548856.35
Hurricane_Ike,2009,4,unknown,153,7053936018.14
Hurricane_Ike,2009,4,obligated,49,3057991440.0
Hurricane_Ike,2010,1,drawdown,1924,955819861.58
Hurricane_Ike,2010,1,expended,1735,195032169.61
Hurricane_Ike,2010,1,budget,1336,2733122125.84
Hurricane_Ike,2010,1,unknown,1052,6451266717.2
Hurricane_Ike,2010,1,obligated,46,3057991440.0
Hurricane_Ike,2010,2,expended,2212,314387204.29
Hurricane_Ike,2010,2,budget,1711,2075506590.63
Hurricane_Ike,2010,2,obligated,1513,3063448821.79
Hurricane_Ike,2010,2,unknown,1412,36497633939.49
Hurricane_Ike,2010,2,drawdown,1006,1118964328.63
Hurricane_Ike,2010,3,expended,2448,542158055.98
Hurricane_Ike,2010,3,budget,1979,2263879411.23
Hurricane_Ike,2010,3,obligated,1718,3066921422.91
Hurricane_Ike,2010,3,unknown,1697,32855610396.48
Hurricane_Ike,2010,3,drawdown,1158,2321373002.87
Hurricane_Ike,2010,4,unknown,2399,24012567019069.3
Hurricane_Ike,2010,4,budget,1984,2622176464.34
Hurricane_Ike,2010,4,expended,1920,485235337.5
Hurricane_Ike,2010,4,obligated,1743,3252282973.52
Hurricane_Ike,2010,4,drawdown,1143,992901781.73
Hurricane_Ike,2011,1,unknown,2431,40387962134.62
Hurricane_Ike,2011,1,budget,1984,2562401649.26
Hurricane_Ike,2011,1,expended,1921,490831869.98
Hurricane_Ike,2011,1,obligated,1692,3290515748.62
Hurricane_Ike,2011,1,drawdown,1140,2557443910.6
Hurricane_Ike,2011,2,unknown,2420,397597246126775.56
Hurricane_Ike,2011,2,expended,2021,558751083.91
Hurricane_Ike,2011,2,budget,2015,2832297993.95
Hurricane_Ike,2011,2,obligated,1668,3149817640.12
Hurricane_Ike,2011,2,drawdown,1179,4069777147.61
Hurricane_Ike,2011,3,drawdown,3848,2130012156.42
Hurricane_Ike,2011,3,expended,2455,417313537.08
Hurricane_Ike,2011,3,obligated,1652,3148895749.4
Hurricane_Ike,2011,3,budget,1402,4818973602.4
Hurricane_Ike,2011,3,unknown,1326,41885234291800.56
Hurricane_Rita1,2011,3,drawdown,544,285669404.89
Hurricane_Rita1,2011,3,expended,330,47860761.09
Hurricane_Rita1,2011,3,obligated,220,74805643.84
Hurricane_Rita1,2011,3,unknown,192,3726286792631.94
Hurricane_Rita1,2011,3,budget,178,123774795.54
Hurricane_Rita2,2011,3,drawdown,252,1327309545.4
Hurricane_Rita2,2011,3,unknown,145,20224424838.07
Hurricane_Rita2,2011,3,expended,143,443040837.69
Hurricane_Rita2,2011,3,budget,139,1403914467.1
Hurricane_Rita2,2011,3,obligated,101,436850450.45
Hurricane_Ike,2011,4,drawdown,5107,2997716467.21
Hurricane_Ike,2011,4,expended,2378,571393945.61
Hurricane_Ike,2011,4,unknown,2305,33724017023.14
Hurricane_Ike,2011,4,obligated,2224,3163223365.91
Hurricane_Ike,2011,4,budget,1563,4887805765.27
Hurricane_Rita1,2011,4,drawdown,301,277373923.6
Hurricane_Rita1,2011,4,obligated,173,74533313.0
Hurricane_Rita1,2011,4,expended,146,41856793.89
Hurricane_Rita1,2011,4,unknown,125,3726353370396.23
Hurricane_Rita1,2011,4,budget,98,120211515.08
Hurricane_Rita2,2011,4,drawdown,157,1385259515.57
Hurricane_Rita2,2011,4,unknown,124,19758845674.28
Hurricane_Rita2,2011,4,budget,93,1402734479.28
Hurricane_Rita2,2011,4,expended,85,340425459.34
Hurricane_Rita2,2011,4,obligated,76,429974275.23
Hurricane_Ike,2012,1,drawdown,4947,2914952569.36
Hurricane_Ike,2012,1,expended,2437,853476352.1800001
Hurricane_Ike,2012,1,unknown,2332,229436497737285.66
Hurricane_Ike,2012,1,obligated,2219,3144836807.31
Hurricane_Ike,2012,1,budget,1934,5018684343.73
Hurricane_Rita1,2012,1,drawdown,315,273566649.92
Hurricane_Rita1,2012,1,obligated,195,74665278.42
Hurricane_Rita1,2012,1,expended,165,36002358.839999996
Hurricane_Rita1,2012,1,budget,119,185813805.47
Hurricane_Rita1,2012,1,unknown,105,3726266991463.22
Hurricane_Rita2,2012,1,unknown,76,2871330771.41
Hurricane_Rita2,2012,1,drawdown,71,975108513.77
Hurricane_Rita2,2012,1,budget,41,894183445.81
Hurricane_Rita2,2012,1,expended,37,258478308.89000002
Hurricane_Rita2,2012,1,obligated,32,428784615.04
Hurricane_Ike,2012,2,drawdown,5356,2849684902.25
Hurricane_Ike,2012,2,expended,2620,775918547.79
Hurricane_Ike,2012,2,obligated,2429,3167491194.09
Hurricane_Ike,2012,2,unknown,2352,7710142189196.76
Hurricane_Ike,2012,2,budget,2005,5027296699.46
Hurricane_Rita1,2012,2,drawdown,179,121395044.84
Hurricane_Rita1,2012,2,obligated,109,74523207.91
Hurricane_Rita1,2012,2,expended,96,40773531.08
Hurricane_Rita1,2012,2,unknown,72,3726253432638.1
Hurricane_Rita1,2012,2,budget,66,119570756.65
Hurricane_Rita2,2012,2,drawdown,196,1215513417.63
Hurricane_Rita2,2012,2,unknown,136,19765631349.06
Hurricane_Rita2,2012,2,expended,105,362061600.42
Hurricane_Rita2,2012,2,budget,101,1264091037.01
Hurricane_Rita2,2012,2,obligated,86,430175584.0
Hurricane_Ike,2012,3,drawdown,6799,8398120582.29
Hurricane_Ike,2012,3,expended,3403,2185462116.02
Hurricane_Ike,2012,3,obligated,3330,3160312942.24
Hurricane_Ike,2012,3,unknown,2655,39049195552453.97
Hurricane_Ike,2012,3,budget,2567,5305318006.62
Hurricane_Rita1,2012,3,drawdown,48,256080502.19
Hurricane_Rita1,2012,3,expended,26,29892171.09
Hurricane_Rita1,2012,3,unknown,25,3726292725937.64
Hurricane_Rita1,2012,3,obligated,23,74524415.0
Hurricane_Rita1,2012,3,budget,21,104906929.58
Hurricane_Rita2,2012,3,drawdown,116,256429105.98
Hurricane_Rita2,2012,3,unknown,81,8581229979.05
Hurricane_Rita2,2012,3,expended,70,99242055.39
Hurricane_Rita2,2012,3,budget,61,567686431.46
Hurricane_Rita2,2012,3,obligated,54,430176593.0
Hurricane_Ike,2012,4,drawdown,7630,4139878267.64
Hurricane_Ike,2012,4,expended,3718,1612226960.2
Hurricane_Ike,2012,4,obligated,3712,4071682608.42
Hurricane_Ike,2012,4,unknown,3204,3052057543.73
Hurricane_Ike,2012,4,budget,2714,5997132668.28
Hurricane_Rita1,2012,4,drawdown,51,242227957.41
Hurricane_Rita1,2012,4,unknown,36,290630515.82
Hurricane_Rita1,2012,4,obligated,34,74523000.0
Hurricane_Rita1,2012,4,expended,31,32266823.650000002
Hurricane_Rita1,2012,4,budget,22,181624823.59
Hurricane_Rita2,2012,4,unknown,57,2755939339.63
Hurricane_Rita2,2012,4,drawdown,49,523093326.86
Hurricane_Rita2,2012,4,budget,26,717973590.0
Hurricane_Rita2,2012,4,expended,22,14902362.02
Hurricane_Rita2,2012,4,obligated,21,428684395.48
Hurricane_Ike,2013,1,drawdown,6587,4201775053.47
Hurricane_Ike,2013,1,expended,4257,1737170976.64
Hurricane_Ike,2013,1,obligated,3026,3146007106.17
Hurricane_Ike,2013,1,budget,2416,6064147309.99
Hurricane_Ike,2013,1,unknown,1999,8081316633517.16
Hurricane_Rita1,2013,1,unknown,16,138214232.83
Hurricane_Rita1,2013,1,drawdown,5,146854990.45999998
Hurricane_Rita1,2013,1,expended,3,0.0
Hurricane_Rita1,2013,1,budget,3,147894978.95999998
Hurricane_Rita1,2013,1,obligated,2,74523000.0
Hurricane_Rita2,2013,1,unknown,83,14429033502.76
Hurricane_Rita2,2013,1,drawdown,51,911688977.5500001
Hurricane_Rita2,2013,1,budget,51,941853507.0
Hurricane_Rita2,2013,1,expended,29,232143939.17000002
Hurricane_Rita2,2013,1,obligated,27,428672803.0
Hurricane_Ike,2013,2,drawdown,7696,8112906411.7699995
Hurricane_Ike,2013,2,expended,4870,1770305735.91
Hurricane_Ike,2013,2,obligated,3588,4176809715.15
Hurricane_Ike,2013,2,budget,3020,6416101331.94
Hurricane_Ike,2013,2,unknown,2638,76415643128933.34
Hurricane_Rita1,2013,2,drawdown,37,76882034.85000001
Hurricane_Rita1,2013,2,unknown,34,162679948.5
Hurricane_Rita1,2013,2,obligated,25,74523000.0
Hurricane_Rita1,2013,2,expended,25,29720813.330000002
Hurricane_Rita1,2013,2,budget,24,180237507.12
Hurricane_Rita2,2013,2,unknown,91,8265010967.2
Hurricane_Rita2,2013,2,drawdown,52,1043811979.72
Hurricane_Rita2,2013,2,budget,46,1075949555.71
Hurricane_Rita2,2013,2,obligated,31,428671849.0
Hurricane_Rita2,2013,2,expended,31,216005502.61
Hurricane_Ike,2013,3,drawdown,7808,16514827920.09
Hurricane_Ike,2013,3,expended,3798,1666064416.44
Hurricane_Ike,2013,3,obligated,3689,1151037749.6200001
Hurricane_Ike,2013,3,unknown,3245,78523744425851.31
Hurricane_Ike,2013,3,budget,2810,6450317040.69
Hurricane_Rita1,2013,3,drawdown,27,223578388.23
Hurricane_Rita1,2013,3,unknown,24,139247811.5
Hurricane_Rita1,2013,3,expended,14,1151021.03
Hurricane_Rita1,2013,3,obligated,7,0.0
Hurricane_Rita1,2013,3,budget,7,149055388.23
Hurricane_Rita2,2013,3,unknown,34,2318886863.17
Hurricane_Rita2,2013,3,drawdown,32,874442877.84
Hurricane_Rita2,2013,3,expended,15,5556707.18
Hurricane_Rita2,2013,3,obligated,9,0.0
Hurricane_Rita2,2013,3,budget,8,434240663.42
Wildfire_I,2013,3,drawdown,35,90876138.91
Wildfire_I,2013,3,unknown,20,6263989231100.92
Wildfire_I,2013,3,expended,19,2241652.02
Wildfire_I,2013,3,obligated,15,12095.54
Wildfire_I,2013,3,budget,9,64281958.0
Hurricane_Ike,2013,4,drawdown,7885,8834094480.97
Hurricane_Ike,2013,4,obligated,3909,1238435341.3
Hurricane_Ike,2013,4,expended,3801,1512363132.21
Hurricane_Ike,2013,4,unknown,3136,35089484241161.062
Hurricane_Ike,2013,4,budget,2756,6699499755.51
Hurricane_Rita1,2013,4,unknown,19,177341876.04
Hurricane_Rita1,2013,4,drawdown,7,222417978.95999998
Hurricane_Rita1,2013,4,expended,3,0.0
Hurricane_Rita1,2013,4,budget,3,147894978.95999998
Hurricane_Rita2,2013,4,drawdown,38,870818179.07
Hurricane_Rita2,2013,4,unknown,34,2265451861.14
Hurricane_Rita2,2013,4,expended,17,3856076.0
Hurricane_Rita2,2013,4,obligated,15,0.0
Hurricane_Rita2,2013,4,budget,14,443756231.17
Hurricane_Ike,2014,1,drawdown,8631,15385523636.279999
Hurricane_Ike,2014,1,expended,4086,1840252067.43
Hurricane_Ike,2014,1,obligated,3902,1314856555.53
Hurricane_Ike,2014,1,budget,2933,6422327526.94
Hurricane_Ike,2014,1,unknown,2854,5938258336.440001
Hurricane_Rita1,2014,1,drawdown,84,182044120.11
Hurricane_Rita1,2014,1,expended,52,36176897.760000005
Hurricane_Rita1,2014,1,obligated,45,0.0
Hurricane_Rita1,2014,1,unknown,44,178557578.04
Hurricane_Rita1,2014,1,budget,30,157992883.48
Hurricane_Rita2,2014,1,drawdown,131,1568598541.9
Hurricane_Rita2,2014,1,unknown,127,19742225223.02
Hurricane_Rita2,2014,1,budget,80,1395056116.0
Hurricane_Rita2,2014,1,expended,75,249956688.45000002
Hurricane_Rita2,2014,1,obligated,64,153087.78
Wildfire_I,2014,1,drawdown,51,103861940.48
Wildfire_I,2014,1,unknown,30,6263976777200.87
Wildfire_I,2014,1,expended,26,6579195.99
Wildfire_I,2014,1,obligated,20,17966.39
Wildfire_I,2014,1,budget,14,70035558.0
Hurricane_Ike,2014,2,drawdown,9641,6188862529.9
Hurricane_Ike,2014,2,expended,2812,889793113455827.0
Hurricane_Ike,2014,2,unknown,1478,2706968933515.74
Hurricane_Ike,2014,2,budget,673,11144779242.65
Hurricane_Rita1,2014,2,unknown,18,177342156.59
Hurricane_Rita1,2014,2,drawdown,14,74533561.12
Hurricane_Rita1,2014,2,expended,6,420.84000000000003
Hurricane_Rita1,2014,2,budget,5,74543000.0
Hurricane_Rita1,2014,2,obligated,2,0.0
Hurricane_Rita2,2014,2,drawdown,38,1286568014.2
Hurricane_Rita2,2014,2,unknown,36,2333453348.98
Hurricane_Rita2,2014,2,expended,12,1319704.59
Hurricane_Rita2,2014,2,obligated,9,400.0
Hurricane_Rita2,2014,2,budget,9,432437804.35
Wildfire_I,2014,2,drawdown,43,88402120.95
Wildfire_I,2014,2,unknown,31,6263972915475.4
Wildfire_I,2014,2,expended,26,12102093.41
Wildfire_I,2014,2,obligated,21,1493327.5899999999
Wildfire_I,2014,2,budget,15,58488710.0
Hurricane_Ike,2014,3,drawdown,5856,12251960186.41
Hurricane_Ike,2014,3,obligated,3504,1552668152.06
Hurricane_Ike,2014,3,expended,3389,1353993188.58
Hurricane_Ike,2014,3,budget,2237,4997836845.04
Hurricane_Ike,2014,3,unknown,748,241186329.66
Hurricane_Rita1,2014,3,unknown,19,181069051.97
Hurricane_Rita1,2014,3,drawdown,14,74534771.32
Hurricane_Rita1,2014,3,expended,7,1258.35
Hurricane_Rita1,2014,3,budget,5,147915491.93
Hurricane_Rita1,2014,3,obligated,2,0.0
Hurricane_Rita2,2014,3,unknown,45,2291103760.67
Hurricane_Rita2,2014,3,drawdown,41,930650225.17
Hurricane_Rita2,2014,3,budget,19,472662468.44
Hurricane_Rita2,2014,3,expended,14,20132388.150000002
Hurricane_Rita2,2014,3,obligated,10,3630.52
Wildfire_I,2014,3,drawdown,37,58587483.37
Wildfire_I,2014,3,unknown,24,6263968255152.17
Wildfire_I,2014,3,expended,16,5381758.28
Wildfire_I,2014,3,obligated,13,670562.9
Wildfire_I,2014,3,budget,12,64979798.62
Hurricane_Ike,2014,4,drawdown,8276,14256302468.84
Hurricane_Ike,2014,4,obligated,4643,1749349858.2
Hurricane_Ike,2014,4,expended,4085,2265477105.4
Hurricane_Ike,2014,4,budget,2985,5275902086.2
Hurricane_Ike,2014,4,unknown,1501,584705143.49
Hurricane_Rita1,2014,4,unknown,18,177343907.51000002
Hurricane_Rita1,2014,4,drawdown,16,296955031.72
Hurricane_Rita1,2014,4,expended,5,1518.51
Hurricane_Rita1,2014,4,budget,5,74543000.0
Hurricane_Rita1,2014,4,obligated,2,0.0
Hurricane_Rita2,2014,4,drawdown,47,1324175574.1200001
Hurricane_Rita2,2014,4,unknown,40,2333680107.47
Hurricane_Rita2,2014,4,expended,14,15311299.850000001
Hurricane_Rita2,2014,4,budget,11,446373062.06
Hurricane_Rita2,2014,4,obligated,8,0.0
Wildfire_I,2014,4,drawdown,46,83004124.07
Wildfire_I,2014,4,expended,22,19202423.28
Wildfire_I,2014,4,unknown,20,25707023.169999998
Wildfire_I,2014,4,budget,19,94594781.89
Wildfire_I,2014,4,obligated,17,200114.06000000003
Hurricane_Ike,2015,1,drawdown,8486,22604158987612.4
Hurricane_Ike,2015,1,obligated,4545,1805537988.6
Hurricane_Ike,2015,1,expended,4115,2057897017.68
Hurricane_Ike,2015,1,budget,2868,5133579329.05
Hurricane_Ike,2015,1,unknown,1489,10762247766.09
Hurricane_Rita1,2015,1,unknown,27,173868094.65
Hurricane_Rita1,2015,1,drawdown,26,78264595.23
Hurricane_Rita1,2015,1,expended,6,3746.74
Hurricane_Rita1,2015,1,budget,6,75674632.8
Hurricane_Rita1,2015,1,obligated,4,682.75
Hurricane_Rita2,2015,1,drawdown,50,1303616591.3
Hurricane_Rita2,2015,1,unknown,36,2325282178.64
Hurricane_Rita2,2015,1,expended,17,7248039.51
Hurricane_Rita2,2015,1,obligated,12,0.0
Hurricane_Rita2,2015,1,budget,9,440501218.17
Wildfire_I,2015,1,drawdown,89,81424441.89
Wildfire_I,2015,1,expended,31,17610436.03
Wildfire_I,2015,1,unknown,30,35130825.42
Wildfire_I,2015,1,obligated,30,198784.77
Wildfire_I,2015,1,budget,24,75039649.7
Hurricane_Ike,2015,2,drawdown,5750,20278159591.67
Hurricane_Ike,2015,2,expended,2685,2018236134.18
Hurricane_Ike,2015,2,obligated,2581,1977885633.11
Hurricane_Ike,2015,2,budget,2033,6443257831.87
Hurricane_Ike,2015,2,unknown,1973,2768008013.36
Hurricane_Rita1,2015,2,unknown,26,173869356.83
Hurricane_Rita1,2015,2,drawdown,23,224675761.69
Hurricane_Rita1,2015,2,expended,6,1099128.52
Hurricane_Rita1,2015,2,budget,6,76113532.8
Hurricane_Rita1,2015,2,obligated,4,0.0
Hurricane_Rita2,2015,2,unknown,29,2276471789.2
Hurricane_Rita2,2015,2,drawdown,28,1319140302.92
Hurricane_Rita2,2015,2,expended,9,10391888.85
Hurricane_Rita2,2015,2,obligated,7,20499.66
Hurricane_Rita2,2015,2,budget,7,432923501.7
Wildfire_I,2015,2,drawdown,103,66909098.17
Wildfire_I,2015,2,expended,41,20219769.94
Wildfire_I,2015,2,unknown,39,16933060.91
Wildfire_I,2015,2,obligated,38,489625.5
Wildfire_I,2015,2,budget,27,22554406372.82
Hurricane_Ike,2015,3,drawdown,6324,20684095385.35
Hurricane_Ike,2015,3,expended,3618,2380898554.25
Hurricane_Ike,2015,3,budget,2254,6361642707.72
Hurricane_Ike,2015,3,obligated,2214,2075087544.3600001
Hurricane_Ike,2015,3,unknown,1234,5354512723.41
Hurricane_Rita1,2015,3,drawdown,31,158711347.10999998
Hurricane_Rita1,2015,3,unknown,25,170778290.0
Hurricane_Rita1,2015,3,expended,11,5487336.4399999995
Hurricane_Rita1,2015,3,obligated,8,3728498.91
Hurricane_Rita1,2015,3,budget,8,150373388.54999998
Hurricane_Rita2,2015,3,drawdown,46,1766315377.95
Hurricane_Rita2,2015,3,expended,23,449033552.09999996
Hurricane_Rita2,2015,3,unknown,21,2282199910.48
Hurricane_Rita2,2015,3,budget,13,442570786.06
Hurricane_Rita2,2015,3,obligated,11,240681.0
Wildfire_I,2015,3,drawdown,46,46851032.32
Wildfire_I,2015,3,unknown,23,6264015768681.55
Wildfire_I,2015,3,expended,20,12495503.35
Wildfire_I,2015,3,obligated,14,44326.14
Wildfire_I,2015,3,budget,8,32978438.44
Hurricane_Ike,2015,4,drawdown,6027,2270960020281.7
Hurricane_Ike,2015,4,expended,3465,2164378067.09
Hurricane_Ike,2015,4,obligated,2517,2179330254.64
Hurricane_Ike,2015,4,budget,2202,6613461009.15
Hurricane_Ike,2015,4,unknown,1137,2915466450.28
Hurricane_Rita1,2015,4,unknown,15,177368790.51000002
Hurricane_Rita1,2015,4,drawdown,15,78264681.99
Hurricane_Rita1,2015,4,expended,5,6285.66
Hurricane_Rita1,2015,4,budget,5,74531884.42
Hurricane_Rita1,2015,4,obligated,3,1108.33
Hurricane_Rita2,2015,4,drawdown,49,201790501330.37
Hurricane_Rita2,2015,4,expended,24,34810231.2
Hurricane_Rita2,2015,4,unknown,22,2277790736.04
Hurricane_Rita2,2015,4,budget,17,451178202.51
Hurricane_Rita2,2015,4,obligated,12,114317.04
Wildfire_I,2015,4,drawdown,101,63018760.66
Wildfire_I,2015,4,expended,58,7782536.34
Wildfire_I,2015,4,obligated,40,80043.35
Wildfire_I,2015,4,budget,37,70896942.4
Wildfire_I,2015,4,unknown,26,6263961577404.64
Hurricane_Ike,2016,1,drawdown,4771,12221487634.44
Hurricane_Ike,2016,1,expended,2813,1918102701.8799999
Hurricane_Ike,2016,1,obligated,1871,2304337827.01
Hurricane_Ike,2016,1,budget,1798,5726397884.06
Hurricane_Ike,2016,1,unknown,963,13696262430.880001
Hurricane_Rita1,2016,1,drawdown,30,226803214.05
Hurricane_Rita1,2016,1,unknown,25,117376577.59
Hurricane_Rita1,2016,1,expended,18,1148644.24
Hurricane_Rita1,2016,1,obligated,12,484.54999999999995
Hurricane_Rita1,2016,1,budget,11,151232956.35
Hurricane_Rita2,2016,1,drawdown,78,1180476656.84
Hurricane_Rita2,2016,1,expended,31,86353578.51
Hurricane_Rita2,2016,1,unknown,25,2277753069.82
Hurricane_Rita2,2016,1,obligated,24,0.0
Hurricane_Rita2,2016,1,budget,24,491080488.14
Wildfire_I,2016,1,drawdown,115,72711462.99
Wildfire_I,2016,1,expended,61,18280601.6
Wildfire_I,2016,1,obligated,46,176592.48
Wildfire_I,2016,1,budget,36,62240910.04
Wildfire_I,2016,1,unknown,29,6263986135021.45
Hurricane_Ike,2016,2,drawdown,3391,20427668362.34
Hurricane_Ike,2016,2,expended,2080,2029291631.06
Hurricane_Ike,2016,2,obligated,1458,2374181975.0
Hurricane_Ike,2016,2,budget,1353,6202746533.75
Hurricane_Ike,2016,2,unknown,697,15078352419.36
Hurricane_Rita1,2016,2,drawdown,26,74625585.46
Hurricane_Rita1,2016,2,unknown,17,120125575.91
Hurricane_Rita1,2016,2,budget,6,74534115.58
Hurricane_Rita1,2016,2,expended,4,1277.51
Hurricane_Rita1,2016,2,obligated,3,0.0
Hurricane_Rita2,2016,2,drawdown,22,864483947.36
Hurricane_Rita2,2016,2,unknown,17,2275866080.5
Hurricane_Rita2,2016,2,expended,6,2375068.56
Hurricane_Rita2,2016,2,budget,5,429041301.39
Hurricane_Rita2,2016,2,obligated,3,443.39
Wildfire_I,2016,2,drawdown,91,82894430.92
Wildfire_I,2016,2,expended,52,26704824.34
Wildfire_I,2016,2,obligated,35,209511.22999999998
Wildfire_I,2016,2,budget,32,67334913.12
Wildfire_I,2016,2,unknown,27,6263970577732.6
Hurricane_Ike,2016,3,drawdown,4017,11785785370598.84
Hurricane_Ike,2016,3,expended,2492,2046957054.13
Hurricane_Ike,2016,3,budget,1509,5771236520.74
Hurricane_Ike,2016,3,obligated,1494,2426201515.46
Hurricane_Ike,2016,3,unknown,802,13254897272.41
Hurricane_Rita1,2016,3,drawdown,98,97227127.35
Hurricane_Rita1,2016,3,unknown,47,132863849.2
Hurricane_Rita1,2016,3,expended,39,3411345.23
Hurricane_Rita1,2016,3,obligated,30,46526.31
Hurricane_Rita1,2016,3,budget,27,760534428156.33
Hurricane_Rita2,2016,3,drawdown,24,1288896306.16
Hurricane_Rita2,2016,3,unknown,17,2275693362.57
Hurricane_Rita2,2016,3,expended,7,2360648.41
Hurricane_Rita2,2016,3,budget,6,431273681.21
Hurricane_Rita2,2016,3,obligated,3,180728.97
Wildfire_I,2016,3,drawdown,109,69037053.69
Wildfire_I,2016,3,expended,59,10694030.58
Wildfire_I,2016,3,obligated,47,475404.83
Wildfire_I,2016,3,budget,39,70039524.83
Wildfire_I,2016,3,unknown,32,6263961722989.85
Hurricane_Ike,2016,4,drawdown,7439,16091821193836.97
Hurricane_Ike,2016,4,expended,4416,2218544865.86
Hurricane_Ike,2016,4,obligated,3334,2466915919.74
Hurricane_Ike,2016,4,budget,2755,6156789584.68
Hurricane_Ike,2016,4,unknown,1334,12931178052.03
Hurricane_Rita1,2016,4,drawdown,187,370338773.18
Hurricane_Rita1,2016,4,obligated,95,2753.97
Hurricane_Rita1,2016,4,expended,91,46001115.43
Hurricane_Rita1,2016,4,unknown,84,202308618.81
Hurricane_Rita1,2016,4,budget,62,169791919.63
Hurricane_Rita2,2016,4,drawdown,183,2006098030.8200002
Hurricane_Rita2,2016,4,unknown,126,19466033859.95
Hurricane_Rita2,2016,4,expended,84,314968625.22
Hurricane_Rita2,2016,4,budget,81,1181702641.15
Hurricane_Rita2,2016,4,obligated,74,1506407.55
Wildfire_I,2016,4,drawdown,140,95740695.54
Wildfire_I,2016,4,expended,64,13527978.83
Wildfire_I,2016,4,obligated,51,606752.5499999999
Wildfire_I,2016,4,unknown,50,6263997976503.83
Wildfire_I,2016,4,budget,43,63372317.76
Hurricane_Ike,2017,1,drawdown,3718,11602136483.9
Hurricane_Ike,2017,1,expended,2085,1930594284.83
Hurricane_Ike,2017,1,obligated,1847,2510052135.17
Hurricane_Ike,2017,1,budget,1500,6066761952.2699995
Hurricane_Ike,2017,1,unknown,796,14004851024.99
Hurricane_Rita2,2017,1,drawdown,58,964584824.62
Hurricane_Rita2,2017,1,unknown,37,7935006525.41
Hurricane_Rita2,2017,1,expended,20,30416127.290000003
Hurricane_Rita2,2017,1,budget,18,479292870.51
Hurricane_Rita2,2017,1,obligated,15,1713965.12
Wildfire_I,2017,1,drawdown,115,109627808.89
Wildfire_I,2017,1,expended,53,11769466.620000001
Wildfire_I,2017,1,obligated,48,1023242.16
Wildfire_I,2017,1,unknown,41,6263974103112.79
Wildfire_I,2017,1,budget,38,58259440.47
2015_Floods,2017,2,drawdown,25,51079075.95
2015_Floods,2017,2,unknown,21,846989064.39
2015_Floods,2017,2,budget,10,51622437.46
2015_Floods,2017,2,expended,9,127326.77
2015_Floods,2017,2,obligated,6,22935.52
Hurricane_Ike,2017,2,drawdown,3910,8280352539.52
Hurricane_Ike,2017,2,unknown,1478,12726454764312.38
Hurricane_Ike,2017,2,obligated,1271,16240119.629999999
Hurricane_Ike,2017,2,expended,1056,103564798934222.66
Hurricane_Ike,2017,2,budget,753,5553561221.19
Hurricane_Rita2,2017,2,drawdown,21,201286965399.82
Hurricane_Rita2,2017,2,unknown,19,2308595754.94
Hurricane_Rita2,2017,2,expended,7,428767878.88000005
Hurricane_Rita2,2017,2,obligated,4,339.58
Hurricane_Rita2,2017,2,budget,4,429041744.78
Wildfire_I,2017,2,drawdown,116,73887058.04
Wildfire_I,2017,2,obligated,37,7334.38
Wildfire_I,2017,2,expended,37,6561679.89
Wildfire_I,2017,2,budget,30,158247295.74
Wildfire_I,2017,2,unknown,27,6263991356599.8
2015_Floods,2017,3,drawdown,31,53766972.51
2015_Floods,2017,3,unknown,23,821592538.88
2015_Floods,2017,3,expended,8,307518.96
2015_Floods,2017,3,budget,7,75043183.32
2015_Floods,2017,3,obligated,4,13121.07
Hurricane_Ike,2017,3,drawdown,8384,11317159139.94
Hurricane_Ike,2017,3,expended,2861,148922181115029.88
Hurricane_Ike,2017,3,obligated,2646,2585037963.1800003
Hurricane_Ike,2017,3,unknown,1870,9129930921.23
Hurricane_Ike,2017,3,budget,1499,6173468144.4800005
Hurricane_Rita2,2017,3,unknown,36,2321009881.16
Hurricane_Rita2,2017,3,drawdown,25,1719370678.8600001
Hurricane_Rita2,2017,3,budget,11,441285371.67
Hurricane_Rita2,2017,3,expended,9,432319860.61
Hurricane_Rita2,2017,3,obligated,7,12700.0
Wildfire_I,2017,3,drawdown,99,3168730876876.53
Wildfire_I,2017,3,expended,28,6505215.89
Wildfire_I,2017,3,unknown,25,6263964545557.47
Wildfire_I,2017,3,obligated,23,961964.5700000001
Wildfire_I,2017,3,budget,20,143667975.18
2015_Floods,2017,4,drawdown,31,53766972.51
2015_Floods,2017,4,unknown,23,821592538.88
2015_Floods,2017,4,expended,8,307518.96
2015_Floods,2017,4,budget,7,75043183.32
2015_Floods,2017,4,obligated,4,13121.07
Hurricane_Ike,2017,4,drawdown,3355,9494547305.74
Hurricane_Ike,2017,4,expended,1263,84128074404375.77
Hurricane_Ike,2017,4,obligated,1236,2676830557.61
Hurricane_Ike,2017,4,budget,666,5534193274.64
Hurricane_Ike,2017,4,unknown,611,10382255329.74
Hurricane_Rita2,2017,4,unknown,69,3076042840.43
Hurricane_Rita2,2017,4,drawdown,58,1272910128.54
Hurricane_Rita2,2017,4,budget,29,891354695.72
Hurricane_Rita2,2017,4,expended,21,220731976.82
Hurricane_Rita2,2017,4,obligated,18,107675.82
Wildfire_I,2017,4,drawdown,73,78791115.44
Wildfire_I,2017,4,expended,27,3164150623088.82
Wildfire_I,2017,4,unknown,23,6263976265324.17
Wildfire_I,2017,4,obligated,20,1278985.48
Wildfire_I,2017,4,budget,17,142606189.1
2015_Floods,2018,1,drawdown,37,103590083.93
2015_Floods,2018,1,unknown,25,821854982.52
2015_Floods,2018,1,expended,12,2514374.42
2015_Floods,2018,1,budget,9,75406466.3
2015_Floods,2018,1,obligated,6,419196.45
Hurricane_Ike,2018,1,drawdown,2804,17807575634.24
Hurricane_Ike,2018,1,expended,1084,111607280072530.7
Hurricane_Ike,2018,1,obligated,975,3044488625.8500004
Hurricane_Ike,2018,1,budget,573,5086586732.81
Hurricane_Ike,2018,1,unknown,475,14716218870.79
Wildfire_I,2018,1,drawdown,80,59944450.2
Wildfire_I,2018,1,expended,34,12545788.36
Wildfire_I,2018,1,obligated,29,1043275.96
Wildfire_I,2018,1,unknown,20,6263948854002.33
Wildfire_I,2018,1,budget,18,113673221.5
2015_Floods,2018,2,drawdown,231,76782446.32
2015_Floods,2018,2,expended,89,21546861.98
2015_Floods,2018,2,obligated,69,49216.65
2015_Floods,2018,2,unknown,64,824511232.89
2015_Floods,2018,2,budget,43,188574859.26
2016_Floods,2018,2,drawdown,28,250597928.64
2016_Floods,2018,2,unknown,23,1657462505.82
2016_Floods,2018,2,obligated,5,166666.91
2016_Floods,2018,2,expended,5,929044.91
2016_Floods,2018,2,budget,3,272272600.0
Hurricane_Ike,2018,2,drawdown,3063,6474353873.37
Hurricane_Ike,2018,2,unknown,1194,8715262502.62
Hurricane_Ike,2018,2,obligated,1066,2694353754.99
Hurricane_Ike,2018,2,expended,830,80327684054641.73
Hurricane_Ike,2018,2,budget,564,39626446058120.66
Wildfire_I,2018,2,drawdown,89,68467222.26
Wildfire_I,2018,2,expended,34,13803091.13
Wildfire_I,2018,2,obligated,30,1137635.07
Wildfire_I,2018,2,unknown,19,6263952003897.89
Wildfire_I,2018,2,budget,19,144726499.64
2015_Floods,2018,3,drawdown,197,72467753.01
2015_Floods,2018,3,expended,85,18881405.31
2015_Floods,2018,3,unknown,66,837977015.26
2015_Floods,2018,3,obligated,55,45241078.39
2015_Floods,2018,3,budget,37,232921349.20000002
2016_Floods,2018,3,drawdown,87,270976583.55
2016_Floods,2018,3,unknown,61,1724623738.58
2016_Floods,2018,3,expended,30,28530462.38
2016_Floods,2018,3,obligated,22,459406.2
2016_Floods,2018,3,budget,12,299853144.76
Harvey_57M_Performance,2018,3,drawdown,37,61008435.78
Harvey_57M_Performance,2018,3,unknown,13,24703351.96
Harvey_57M_Performance,2018,3,expended,8,291675.98
Harvey_57M_Performance,2018,3,obligated,6,0.0
Harvey_57M_Performance,2018,3,budget,4,60690000.0
Harvey_5B_Performance,2018,3,drawdown,25,5034707919.91
Harvey_5B_Performance,2018,3,unknown,15,2263992029.94
Harvey_5B_Performance,2018,3,expended,5,6124184.7
Harvey_5B_Performance,2018,3,obligated,3,0.0
Harvey_5B_Performance,2018,3,budget,3,5063104619.6
Hurricane_Ike,2018,3,drawdown,3227,6976079030.83
Hurricane_Ike,2018,3,expended,1124,37194768985763.86
Hurricane_Ike,2018,3,obligated,1007,15749286.85
Hurricane_Ike,2018,3,unknown,802,11184238298.039999
Hurricane_Ike,2018,3,budget,573,4937711612.22
Wildfire_I,2018,3,drawdown,89,66316296.69
Wildfire_I,2018,3,expended,34,1136495914336.27
Wildfire_I,2018,3,obligated,29,9057.119999999999
Wildfire_I,2018,3,unknown,18,6263951997947.85
Wildfire_I,2018,3,budget,18,113720228.31
2015_Floods,2018,4,drawdown,181,136120587.77
2015_Floods,2018,4,unknown,75,837878360.35
2015_Floods,2018,4,expended,64,5539333.14
2015_Floods,2018,4,obligated,56,7250193.279999999
2015_Floods,2018,4,budget,39,215304426.98
2016_Floods,2018,4,drawdown,232,304648374.06
2016_Floods,2018,4,unknown,88,1703838492.75
2016_Floods,2018,4,obligated,71,33055711.14
2016_Floods,2018,4,expended,70,34677745.980000004
2016_Floods,2018,4,budget,40,372853644.14
Harvey_57M_Performance,2018,4,drawdown,42,145331735.76
Harvey_57M_Performance,2018,4,unknown,13,25573842.12
Harvey_57M_Performance,2018,4,expended,13,42603996.28
Harvey_57M_Performance,2018,4,obligated,7,43465600.0
Harvey_57M_Performance,2018,4,budget,7,106176288.0
Harvey_5B_Performance,2018,4,drawdown,27,5069295453.4
Harvey_5B_Performance,2018,4,unknown,18,2444035566.26
Harvey_5B_Performance,2018,4,expended,6,23734092.69
Harvey_5B_Performance,2018,4,budget,6,5259981467.46
Harvey_5B_Performance,2018,4,obligated,5,15500000.0
Hurricane_Ike,2018,4,drawdown,2722,6070118803.06
Hurricane_Ike,2018,4,expended,962,86527490121266.86
Hurricane_Ike,2018,4,obligated,896,13573880.76
Hurricane_Ike,2018,4,unknown,585,9852149015.74
Hurricane_Ike,2018,4,budget,480,4662792540.02
Wildfire_I,2018,4,drawdown,113,93223656.71000001
Wildfire_I,2018,4,obligated,37,270999.74
Wildfire_I,2018,4,expended,35,5193305104746.37
Wildfire_I,2018,4,unknown,23,6263953241787.85
Wildfire_I,2018,4,budget,22,142930637.02
2015_Floods,2019,1,drawdown,282,122124071.62
2015_Floods,2019,1,expended,103,87014691.59
2015_Floods,2019,1,unknown,84,829701150.48
2015_Floods,2019,1,obligated,77,11423698.62
2015_Floods,2019,1,budget,56,247094618.85
2016_Floods,2019,1,drawdown,92,429123789.94
2016_Floods,2019,1,unknown,73,1850386939.81
2016_Floods,2019,1,expended,40,274490434.39
2016_Floods,2019,1,obligated,28,33423116.88
2016_Floods,2019,1,budget,16,325731361.84
Harvey_5B_Performance,2019,1,drawdown,44,4500503532635.08
Harvey_5B_Performance,2019,1,unknown,27,2491847243.03
Harvey_5B_Performance,2019,1,expended,10,168637786.82
Harvey_5B_Performance,2019,1,budget,8,5441425000.0
Harvey_5B_Performance,2019,1,obligated,5,18000000.0
Hurricane_Ike,2019,1,drawdown,2344,6103414408.13
Hurricane_Ike,2019,1,expended,841,65703858886403.07
Hurricane_Ike,2019,1,obligated,761,16655723.54
Hurricane_Ike,2019,1,unknown,619,10153768118.42
Hurricane_Ike,2019,1,budget,411,4515449744.31
Wildfire_I,2019,1,drawdown,109,91848695.85
Wildfire_I,2019,1,expended,36,15579907.06
Wildfire_I,2019,1,obligated,33,1084.81
Wildfire_I,2019,1,budget,22,142930215.42000002
Wildfire_I,2019,1,unknown,20,6263952155195.89
2015_Floods,2019,2,drawdown,280,109166039.07
2015_Floods,2019,2,expended,98,1068742034197.9299
2015_Floods,2019,2,unknown,91,857952685.38
2015_Floods,2019,2,obligated,79,462098.99
2015_Floods,2019,2,budget,51,252189196.07
2016_Floods,2019,2,drawdown,213,341726260.33
2016_Floods,2019,2,unknown,95,2022568136.53
2016_Floods,2019,2,expended,85,33096388.83
2016_Floods,2019,2,obligated,79,452596.05
2016_Floods,2019,2,budget,61,426269725.84
Harvey_57M_Performance,2019,2,drawdown,68,112151463.23
Harvey_57M_Performance,2019,2,expended,29,12329888.94
Harvey_57M_Performance,2019,2,unknown,27,73053192.17999999
Harvey_57M_Performance,2019,2,obligated,26,453398.78
Harvey_57M_Performance,2019,2,budget,15,79463283.14
Harvey_5B_Performance,2019,2,drawdown,1309,5077588216.58
Harvey_5B_Performance,2019,2,expended,509,1345174746553.92
Harvey_5B_Performance,2019,2,obligated,468,13945788.95
Harvey_5B_Performance,2019,2,unknown,251,9586164552.25
Harvey_5B_Performance,2019,2,budget,196,8066489944.96
Hurricane_Ike,2019,2,drawdown,7107,13173222454.65
Hurricane_Ike,2019,2,obligated,2793,2835626895.1099997
Hurricane_Ike,2019,2,unknown,2319,8751434167.98
Hurricane_Ike,2019,2,expended,1994,177476990614928.06
Hurricane_Ike,2019,2,budget,1390,5447574298.71
Wildfire_I,2019,2,drawdown,130,22595372628.86
Wildfire_I,2019,2,expended,37,15767135.03
Wildfire_I,2019,2,obligated,34,1011.63
Wildfire_I,2019,2,unknown,25,6263978405527.79
Wildfire_I,2019,2,budget,22,147972248.55
2015_Floods,2019,3,drawdown,223,113102566.5
2015_Floods,2019,3,expended,88,6328258.15
2015_Floods,2019,3,unknown,87,823974604.62
2015_Floods,2019,3,obligated,68,1219332.72
2015_Floods,2019,3,budget,53,251806357.38
2016_Floods,2019,3,drawdown,254,358716398.79
2016_Floods,2019,3,unknown,95,1646178952.32
2016_Floods,2019,3,expended,94,36364270.2
2016_Floods,2019,3,obligated,72,699648.98
2016_Floods,2019,3,budget,60,410205563.94
Harvey_57M_Performance,2019,3,drawdown,41,196832584.74
Harvey_57M_Performance,2019,3,unknown,31,111102653.28
Harvey_57M_Performance,2019,3,expended,14,22527485.22
Harvey_57M_Performance,2019,3,obligated,8,1489382.96
Harvey_57M_Performance,2019,3,budget,6,133712208.0
Harvey_5B_Performance,2019,3,unknown,1730,7.45974287947332e+17
Harvey_5B_Performance,2019,3,drawdown,681,3.212785896497714e+17
Harvey_5B_Performance,2019,3,expended,264,2.102884160208644e+17
Harvey_5B_Performance,2019,3,obligated,147,387099147.74
Harvey_5B_Performance,2019,3,budget,121,16697219677.86
Hurricane_Ike,2019,3,drawdown,2605,5480432077.17
Hurricane_Ike,2019,3,unknown,983,8319117825.82
Hurricane_Ike,2019,3,obligated,871,11491973.0
Hurricane_Ike,2019,3,expended,719,87099160531434.55
Hurricane_Ike,2019,3,budget,509,4613627186.440001
Wildfire_I,2019,3,drawdown,80,58880344.23
Wildfire_I,2019,3,expended,31,11285606.94
Wildfire_I,2019,3,obligated,28,3185.2999999999997
Wildfire_I,2019,3,unknown,22,35732467.9
Wildfire_I,2019,3,budget,21,149932948.63
2015_Floods,2019,4,drawdown,514,159187900.38
2015_Floods,2019,4,expended,186,10261934.62
2015_Floods,2019,4,obligated,166,1626514.6
2015_Floods,2019,4,unknown,153,352029594625.79
2015_Floods,2019,4,budget,111,295508480.44
2016_Floods,2019,4,drawdown,511,444899366.08
2016_Floods,2019,4,expended,199,4749954874678.03
2016_Floods,2019,4,obligated,180,1967652.21
2016_Floods,2019,4,unknown,176,1667768686.3
2016_Floods,2019,4,budget,120,432630338.59
Harvey_57M_ActionPlan,2019,4,budget,14,234251840.0
Harvey_57M_ActionPlan,2019,4,unknown,6,11155500.0
Harvey_57M_ActionPlan,2019,4,drawdown,2,30425920.0
Harvey_57M_Performance,2019,4,drawdown,49,208829789.77
Harvey_57M_Performance,2019,4,unknown,33,93482709.74
Harvey_57M_Performance,2019,4,budget,21,355793680.0
Harvey_57M_Performance,2019,4,expended,12,11796756.16
Harvey_57M_Performance,2019,4,obligated,11,44627339.9
Harvey_5B_ActionPlan,2019,4,budget,439,3128973100.71
Harvey_5B_ActionPlan,2019,4,unknown,215,3.430038465707014e+16
Harvey_5B_Performance,2019,4,unknown,3926,15728600275.33
Harvey_5B_Performance,2019,4,drawdown,1518,1.1691343108431842e+16
Harvey_5B_Performance,2019,4,expended,612,146246471843134.6
Harvey_5B_Performance,2019,4,obligated,371,10408669.719999999
Harvey_5B_Performance,2019,4,budget,209,10491164463.35
Hurricane_Ike,2019,4,drawdown,1609,3265861679084.58
Hurricane_Ike,2019,4,unknown,676,11045876509.17
Hurricane_Ike,2019,4,obligated,511,10375667.89
Hurricane_Ike,2019,4,expended,414,31701689488075.9
Hurricane_Ike,2019,4,budget,287,4076325123.6800003
Wildfire_I,2019,4,drawdown,74,18226253.48
Wildfire_I,2019,4,expended,44,7953548935675.72
Wildfire_I,2019,4,budget,7,72907455.07
Wildfire_I,2019,4,obligated,1,730.92
2015_Floods,2020,1,drawdown,484,153205429.87
2015_Floods,2020,1,expended,174,9228789.74
2015_Floods,2020,1,unknown,153,849867768.81
2015_Floods,2020,1,obligated,145,708671.95
2015_Floods,2020,1,budget,123,316772227.49
2016_Floods,2020,1,drawdown,461,425912717.1
2016_Floods,2020,1,unknown,177,65055449043.96
2016_Floods,2020,1,expended,171,92372371486.65
2016_Floods,2020,1,obligated,142,1769251.35
2016_Floods,2020,1,budget,127,430402164.98
Harvey_57M_ActionPlan,2020,1,budget,10,219473536.0
Harvey_57M_ActionPlan,2020,1,drawdown,9,86931200.0
Harvey_57M_Performance,2020,1,drawdown,48,286159353.4
Harvey_57M_Performance,2020,1,unknown,26,139005462.42
Harvey_57M_Performance,2020,1,expended,13,21846872.73
Harvey_57M_Performance,2020,1,obligated,11,26876660.0
Harvey_57M_Performance,2020,1,budget,9,115600000.0
Harvey_5B_ActionPlan,2020,1,unknown,132,7868197525.99
Harvey_5B_ActionPlan,2020,1,budget,35,1351260108.58
Harvey_5B_Performance,2020,1,unknown,7353,25446231101.57
Harvey_5B_Performance,2020,1,drawdown,2771,2.44534483387584e+16
Harvey_5B_Performance,2020,1,expended,1034,1174802929180388.0
Harvey_5B_Performance,2020,1,obligated,605,44004186.79
Harvey_5B_Performance,2020,1,budget,385,13018296305.75
Hurricane_Ike,2020,1,drawdown,1406,4791543059.84
Hurricane_Ike,2020,1,unknown,613,8034191956.97
Hurricane_Ike,2020,1,obligated,477,5468386.87
Hurricane_Ike,2020,1,expended,364,29285115593459.26
Hurricane_Ike,2020,1,budget,291,4391681301.34
Wildfire_I,2020,1,drawdown,87,69431205.59
Wildfire_I,2020,1,expended,31,11302942.64
Wildfire_I,2020,1,obligated,27,2788.07
Wildfire_I,2020,1,unknown,23,10888360.38
Wildfire_I,2020,1,budget,22,146650217.35
2015_Floods,2020,2,drawdown,507,391522693368748.0
2015_Floods,2020,2,expended,183,1515351878104.14
2015_Floods,2020,2,unknown,182,856357698.72
2015_Floods,2020,2,obligated,156,3017534.55
2015_Floods,2020,2,budget,112,292117334.12
2016_Floods,2020,2,drawdown,432,413470522.6
2016_Floods,2020,2,expended,175,9916571331755.15
2016_Floods,2020,2,unknown,166,1658255325.71
2016_Floods,2020,2,obligated,152,1722245.1099999999
2016_Floods,2020,2,budget,101,385054399.55
Expenditure_Reports,2020,2,unknown,65,6980590760.0
Harvey_57M_ActionPlan,2020,2,budget,14,260331200.0
Harvey_57M_ActionPlan,2020,2,unknown,5,11155500.0
Harvey_57M_ActionPlan,2020,2,drawdown,2,43465600.0
Harvey_57M_Performance,2020,2,drawdown,43,196565109.04
Harvey_57M_Performance,2020,2,unknown,28,139269986.41
Harvey_57M_Performance,2020,2,expended,11,8158348728632.11
Harvey_57M_Performance,2020,2,obligated,10,2006019.07
Harvey_57M_Performance,2020,2,budget,7,60690000.0
Harvey_5B_ActionPlan,2020,2,unknown,146,7852065757.380268
Harvey_5B_ActionPlan,2020,2,budget,34,1137754481.76
Harvey_5B_Performance,2020,2,unknown,5400,1.3033670272193414e+17
Harvey_5B_Performance,2020,2,drawdown,2130,1.6860635805515212e+16
Harvey_5B_Performance,2020,2,expended,896,1827144730677939.8
Harvey_5B_Performance,2020,2,obligated,508,219608827.02
Harvey_5B_Performance,2020,2,budget,340,10841589938.26
Hurricane_Ike,2020,2,drawdown,1221,5285830368.48
Hurricane_Ike,2020,2,expended,425,62889025071891.34
Hurricane_Ike,2020,2,obligated,387,2515833.57
Hurricane_Ike,2020,2,unknown,339,9674425979.789999
Hurricane_Ike,2020,2,budget,213,4283591761.6000004
Wildfire_I,2020,2,drawdown,97,74589667.29
Wildfire_I,2020,2,expended,36,1427183711567.53
Wildfire_I,2020,2,unknown,33,4933509.86
Wildfire_I,2020,2,obligated,33,531342.61
Wildfire_I,2020,2,budget,21,142733928.98999998
2015_Floods,2020,3,drawdown,515,187785345.0
2015_Floods,2020,3,expended,188,1751985375343.05
2015_Floods,2020,3,unknown,181,848529762.7
2015_Floods,2020,3,obligated,157,4180782.43
2015_Floods,2020,3,budget,115,302344942.74
2016_Floods,2020,3,drawdown,460,455463648.07
2016_Floods,2020,3,expended,191,1146236428970.52
2016_Floods,2020,3,unknown,181,1639932378.01
2016_Floods,2020,3,obligated,159,2873315.7
2016_Floods,2020,3,budget,117,401999267.21999997
Expenditure_Reports,2020,3,unknown,62,6311510451.0
Harvey_57M_ActionPlan,2020,3,budget,14,260331200.0
Harvey_57M_ActionPlan,2020,3,unknown,5,11155500.0
Harvey_57M_ActionPlan,2020,3,drawdown,2,43465600.0
Harvey_57M_Performance,2020,3,drawdown,45,213288116.56
Harvey_57M_Performance,2020,3,unknown,26,149567747.07
Harvey_57M_Performance,2020,3,expended,11,13289077.190000001
Harvey_57M_Performance,2020,3,budget,9,115600000.0
Harvey_57M_Performance,2020,3,obligated,8,0.0
Harvey_5B_ActionPlan,2020,3,unknown,165,7911372882.910268
Harvey_5B_ActionPlan,2020,3,budget,33,1178908913.79
Harvey_5B_Performance,2020,3,unknown,3879,18223330051.670002
Harvey_5B_Performance,2020,3,drawdown,2112,1.4599973026467672e+16
Harvey_5B_Performance,2020,3,expended,1063,2520758736514084.0
Harvey_5B_Performance,2020,3,obligated,525,178360646.16
Harvey_5B_Performance,2020,3,budget,440,12170245013.77
Hurricane_Ike,2020,3,drawdown,1415,3277584350676.9
Hurricane_Ike,2020,3,expended,506,69515153988064.14
Hurricane_Ike,2020,3,obligated,456,2486448.63
Hurricane_Ike,2020,3,unknown,368,10706481153.84
Hurricane_Ike,2020,3,budget,262,3959341570.1400003
Wildfire_I,2020,3,drawdown,86,71051156.78
Wildfire_I,2020,3,expended,30,2933626062943.1
Wildfire_I,2020,3,unknown,26,9119680.7
Wildfire_I,2020,3,obligated,22,635.84
Wildfire_I,2020,3,budget,17,118995991.45
2015_Floods,2020,4,drawdown,447,159211389.69
2015_Floods,2020,4,expended,207,30910348.31
2015_Floods,2020,4,unknown,198,964998298.78
2015_Floods,2020,4,obligated,172,4337335.91
2015_Floods,2020,4,budget,71,264084160.92000002
2016_Floods,2020,4,drawdown,382,374092916.98
2016_Floods,2020,4,unknown,215,394267772888023.8
2016_Floods,2020,4,expended,181,6449145697214.75
2016_Floods,2020,4,obligated,156,4098751.2399999998
2016_Floods,2020,4,budget,61,351942084.76
Expenditure_Reports,2020,4,unknown,73,7041488452.0
Harvey_57M_ActionPlan,2020,4,unknown,189,6755068086.030268
Harvey_57M_ActionPlan,2020,4,budget,167,0.0
Harvey_57M_Performance,2020,4,unknown,26,91236647.26
Harvey_57M_Performance,2020,4,drawdown,19,81689242.98
Harvey_57M_Performance,2020,4,expended,13,10996898.16
Harvey_57M_Performance,2020,4,obligated,6,27570.43
Harvey_57M_Performance,2020,4,budget,4,59820688.0
Harvey_5B_ActionPlan,2020,4,unknown,189,6755068086.030268
Harvey_5B_ActionPlan,2020,4,budget,167,0.0
Harvey_5B_Performance,2020,4,unknown,6430,12059759380.105068
Harvey_5B_Performance,2020,4,drawdown,2107,6681848474.06
Harvey_5B_Performance,2020,4,expended,1469,24799332079719.92
Harvey_5B_Performance,2020,4,obligated,708,147979818.0
Harvey_5B_Performance,2020,4,budget,285,10411738796.95
Hurricane_Ike,2020,4,drawdown,1237,4196992941.68
Hurricane_Ike,2020,4,expended,486,53464091050668.22
Hurricane_Ike,2020,4,unknown,484,5868195033.32
Hurricane_Ike,2020,4,budget,141,6393504805.66
Hurricane_Ike,2020,4,obligated,1,1343991.44
Wildfire_I,2020,4,drawdown,57,54564662.62
Wildfire_I,2020,4,expended,36,1427297355142.47
Wildfire_I,2020,4,unknown,27,42870239.38
Wildfire_I,2020,4,obligated,24,436265.59
Wildfire_I,2020,4,budget,14,109954544.69
2015_Floods,2021,1,drawdown,356,139011300.24
2015_Floods,2021,1,expended,152,1821795797725.71
2015_Floods,2021,1,unknown,148,900700328.55
2015_Floods,2021,1,obligated,131,2295779.61
2015_Floods,2021,1,budget,62,263514000.12
2016_Floods,2021,1,drawdown,399,376999533.79
2016_Floods,2021,1,unknown,215,18610344444.14
2016_Floods,2021,1,expended,181,8576138323893.82
2016_Floods,2021,1,obligated,155,4556855.59
2016_Floods,2021,1,budget,66,364472944.35
Harvey_57M_ActionPlan,2021,1,budget,72,241486088.0
Harvey_57M_ActionPlan,2021,1,drawdown,9,43465600.0
Harvey_57M_ActionPlan,2021,1,unknown,5,100.0
Harvey_57M_Performance,2021,1,unknown,30,132529643.74
Harvey_57M_Performance,2021,1,drawdown,20,87721987.73
Harvey_57M_Performance,2021,1,expended,14,22041819.97
Harvey_57M_Performance,2021,1,obligated,5,868554.76
Harvey_57M_Performance,2021,1,budget,3,59820688.0
Harvey_5B_ActionPlan,2021,1,unknown,198,6755079656.25636
Harvey_5B_ActionPlan,2021,1,budget,168,458036.62
Harvey_5B_Performance,2021,1,unknown,6365,33652088154.33116
Harvey_5B_Performance,2021,1,drawdown,1853,1960702960849.21
Harvey_5B_Performance,2021,1,expended,1260,26499394446111.34
Harvey_5B_Performance,2021,1,obligated,586,67420172.67
Harvey_5B_Performance,2021,1,budget,277,14759205150.23
Hurricane_Ike,2021,1,drawdown,1027,4955824931.49
Hurricane_Ike,2021,1,expended,877,21611240305095.77
Hurricane_Ike,2021,1,unknown,801,10383526016.3
Hurricane_Ike,2021,1,obligated,345,2783568.15
Hurricane_Ike,2021,1,budget,131,4193494171.9700003
Mitigation_ActionPlan,2021,1,budget,41,16823840330.0
Mitigation_ActionPlan,2021,1,unknown,21,0
Mitigation_ActionPlan,2021,1,drawdown,4,0.0
Mitigation_Performance,2021,1,drawdown,233,5015526491.1
Mitigation_Performance,2021,1,unknown,139,3266211194.63
Mitigation_Performance,2021,1,obligated,113,630261.72
Mitigation_Performance,2021,1,expended,113,4011922039.34
Mitigation_Performance,2021,1,budget,40,6232588660.0
Wildfire_I,2021,1,drawdown,78,65026771.96
Wildfire_I,2021,1,expended,41,1427479560539.14
Wildfire_I,2021,1,unknown,37,51247894.42
Wildfire_I,2021,1,obligated,32,903318.61
Wildfire_I,2021,1,budget,17,138708539.23
2015_Floods,2021,2,drawdown,452,167717271.2
2015_Floods,2021,2,unknown,204,143102374162.7
2015_Floods,2021,2,expended,188,3440597282614.45
2015_Floods,2021,2,obligated,169,2069891.59
2015_Floods,2021,2,budget,83,288604868.63
2016_Floods,2021,2,drawdown,502,454760090.99
2016_Floods,2021,2,unknown,237,1740451576.24
2016_Floods,2021,2,expended,198,9457583094085.14
2016_Floods,2021,2,obligated,177,7389786.93
2016_Floods,2021,2,budget,103,512491071.06
2019_Disasters_Performance,2021,2,drawdown,183,496058342.28999996
2019_Disasters_Performance,2021,2,expended,63,0.0
2019_Disasters_Performance,2021,2,obligated,35,0.0
2019_Disasters_Performance,2021,2,unknown,33,68815500.0
2019_Disasters_Performance,2021,2,budget,19,144128100.0
Harvey_57M_ActionPlan,2021,2,budget,74,241486088.0
Harvey_57M_ActionPlan,2021,2,drawdown,10,43465600.0
Harvey_57M_ActionPlan,2021,2,unknown,5,100.0
Harvey_57M_Performance,2021,2,unknown,29,118721341.36
Harvey_57M_Performance,2021,2,drawdown,25,134350029.68
Harvey_57M_Performance,2021,2,expended,14,12905184.860000001
Harvey_57M_Performance,2021,2,obligated,4,0.0
Harvey_57M_Performance,2021,2,budget,3,59820688.0
Harvey_5B_ActionPlan,2021,2,unknown,193,6753473310.25636
Harvey_5B_ActionPlan,2021,2,budget,170,128581587.62
Harvey_5B_Performance,2021,2,unknown,5841,31674349493.48129
Harvey_5B_Performance,2021,2,drawdown,1609,269617376688.93
Harvey_5B_Performance,2021,2,expended,1151,1592741696831.19
Harvey_5B_Performance,2021,2,obligated,526,64515792.58
Harvey_5B_Performance,2021,2,budget,253,13931734846.74
Hurricane_Ike,2021,2,drawdown,621,3844065812.31
Hurricane_Ike,2021,2,expended,327,25896112241428.71
Hurricane_Ike,2021,2,unknown,274,8238269582.95
Hurricane_Ike,2021,2,obligated,260,3647123.19
Hurricane_Ike,2021,2,budget,101,3667815638.88
Mitigation_Performance,2021,2,unknown,32,2834579010.0
Mitigation_Performance,2021,2,drawdown,2,4297189000.0
Mitigation_Performance,2021,2,budget,1,4297189000.0
Wildfire_I,2021,2,unknown,22,25793695.47
Wildfire_I,2021,2,drawdown,11,61570355.07
Wildfire_I,2021,2,expended,8,21677257.06
Wildfire_I,2021,2,budget,6,124372688.32000001
2015_Floods,2021,3,drawdown,363,150981644.83
2015_Floods,2021,3,unknown,170,1023511574727.71
2015_Floods,2021,3,expended,160,7021027738728.39
2015_Floods,2021,3,obligated,146,2494305.72
2015_Floods,2021,3,budget,66,263847690.06
2016_Floods,2021,3,drawdown,499,403255622.27
2016_Floods,2021,3,unknown,248,738479884303.42
2016_Floods,2021,3,expended,220,6864312208772.96
2016_Floods,2021,3,obligated,192,2138837.74
2016_Floods,2021,3,budget,110,473315220.88
2018_Floods_ActionPlan,2021,3,unknown,16,163578000.0
2018_Floods_ActionPlan,2021,3,budget,8,108417000.0
2018_Floods_Performance,2021,3,unknown,440,398187680.7
2018_Floods_Performance,2021,3,drawdown,125,117932633.94
2018_Floods_Performance,2021,3,expended,84,93485309.22
2018_Floods_Performance,2021,3,obligated,31,310988.47
2018_Floods_Performance,2021,3,budget,20,336698086.44
2019_Disasters_ActionPlan,2021,3,unknown,24,0
2019_Disasters_ActionPlan,2021,3,budget,8,78714100.0
2019_Disasters_ActionPlan,2021,3,drawdown,4,10637050.0
2019_Disasters_Performance,2021,3,drawdown,173,250943317.25
2019_Disasters_Performance,2021,3,unknown,81,8671802447.27
2019_Disasters_Performance,2021,3,expended,76,56865369.58
2019_Disasters_Performance,2021,3,obligated,56,831137.17
2019_Disasters_Performance,2021,3,budget,27,5150690300.0
Harvey_57M_ActionPlan,2021,3,budget,76,220215941.93
Harvey_57M_ActionPlan,2021,3,drawdown,17,22329728.0
Harvey_57M_ActionPlan,2021,3,unknown,10,200.0
Harvey_57M_Performance,2021,3,drawdown,118,155662589.23
Harvey_57M_Performance,2021,3,expended,54,53394067.13
Harvey_57M_Performance,2021,3,unknown,45,156450496.84
Harvey_57M_Performance,2021,3,obligated,34,5860.54
Harvey_57M_Performance,2021,3,budget,19,88613179.02
Harvey_5B_ActionPlan,2021,3,budget,175,129297814.78
Harvey_5B_ActionPlan,2021,3,unknown,144,6789118794.62
Harvey_5B_Performance,2021,3,unknown,6409,37215143748.28
Harvey_5B_Performance,2021,3,drawdown,1774,11668902869.66
Harvey_5B_Performance,2021,3,expended,1257,16252801016591.49
Harvey_5B_Performance,2021,3,obligated,559,115369716.73
Harvey_5B_Performance,2021,3,budget,260,12000294230.16
Hurricane_Ike,2021,3,drawdown,634,4096252281.42
Hurricane_Ike,2021,3,expended,279,13823782941275.01
Hurricane_Ike,2021,3,obligated,208,1945570.67
Hurricane_Ike,2021,3,unknown,182,13633135735.199999
Hurricane_Ike,2021,3,budget,86,3575021150.9300003
Mitigation_ActionPlan,2021,3,budget,57,4297189000.0
Mitigation_ActionPlan,2021,3,unknown,48,8599030000.0
Mitigation_Performance,2021,3,unknown,422,3642260840.09
Mitigation_Performance,2021,3,drawdown,200,1388767535.26
Mitigation_Performance,2021,3,expended,173,1719658853.1
Mitigation_Performance,2021,3,obligated,69,2167858.12
Mitigation_Performance,2021,3,budget,31,5159559900.0
Wildfire_I,2021,3,drawdown,94,108164090.26
Wildfire_I,2021,3,expended,47,3894432902386.11
Wildfire_I,2021,3,obligated,40,762.94
Wildfire_I,2021,3,unknown,36,86835303.39
Wildfire_I,2021,3,budget,19,98192507.92
2015_Floods,2021,4,drawdown,354,141641181.78
2015_Floods,2021,4,unknown,169,983214712.46
2015_Floods,2021,4,expended,145,4015036770411.73
2015_Floods,2021,4,obligated,139,1261342.16
2015_Floods,2021,4,budget,67,263043325.09
2016_Floods,2021,4,drawdown,445,470582501.53
2016_Floods,2021,4,unknown,241,1368740105095.02
2016_Floods,2021,4,expended,201,7633494238025.67
2016_Floods,2021,4,obligated,188,6716605.83
2016_Floods,2021,4,budget,98,477476654.02
2018_Floods_ActionPlan,2021,4,unknown,16,163578000.0
2018_Floods_ActionPlan,2021,4,budget,8,108417000.0
2018_Floods_Performance,2021,4,unknown,462,355533302.52
2018_Floods_Performance,2021,4,drawdown,133,160134884.37
2018_Floods_Performance,2021,4,expended,89,72732247.39
2018_Floods_Performance,2021,4,obligated,39,23622.38
2018_Floods_Performance,2021,4,budget,20,338666393.22
2019_Disasters_ActionPlan,2021,4,unknown,24,0
2019_Disasters_ActionPlan,2021,4,budget,8,78714100.0
2019_Disasters_ActionPlan,2021,4,drawdown,4,10637050.0
2019_Disasters_Performance,2021,4,unknown,28,8469524091.67
2019_Disasters_Performance,2021,4,drawdown,11,213081115.74
2019_Disasters_Performance,2021,4,expended,9,2081430.08
2019_Disasters_Performance,2021,4,budget,2,5000000000.0
Harvey_57M_ActionPlan,2021,4,budget,76,220215941.93
Harvey_57M_ActionPlan,2021,4,drawdown,17,22329728.0
Harvey_57M_ActionPlan,2021,4,unknown,10,200.0
Harvey_57M_Performance,2021,4,unknown,36,145898629.17000002
Harvey_57M_Performance,2021,4,drawdown,26,152555073.98
Harvey_57M_Performance,2021,4,expended,16,12151822.23
Harvey_57M_Performance,2021,4,obligated,6,5521.53
Harvey_57M_Performance,2021,4,budget,3,57878000.0
Harvey_5B_ActionPlan,2021,4,budget,177,226832814.78
Harvey_5B_ActionPlan,2021,4,unknown,146,6786918963.62
Harvey_5B_Performance,2021,4,unknown,8890,23084527039.96
Harvey_5B_Performance,2021,4,drawdown,2643,161489831296977.2
Harvey_5B_Performance,2021,4,expended,1731,39909969573217.22
Harvey_5B_Performance,2021,4,obligated,841,85951309.62
Harvey_5B_Performance,2021,4,budget,345,13158049914.98
Hurricane_Ike,2021,4,drawdown,917,4321412067.26
Hurricane_Ike,2021,4,expended,393,59965415337624.42
Hurricane_Ike,2021,4,obligated,350,7371107.07
Hurricane_Ike,2021,4,unknown,218,8411446234.73
Hurricane_Ike,2021,4,budget,136,3652651246.55
Mitigation_ActionPlan,2021,4,unknown,90,8599057671.0
Mitigation_ActionPlan,2021,4,budget,58,4297294400.0
Mitigation_Performance,2021,4,unknown,3732,17282600338.65
Mitigation_Performance,2021,4,drawdown,1193,8527338138636953.0
Mitigation_Performance,2021,4,expended,636,6432878938.66
Mitigation_Performance,2021,4,obligated,359,6355990.92
Mitigation_Performance,2021,4,budget,140,9080181489.56
Wildfire_I,2021,4,drawdown,79,96580846.23
Wildfire_I,2021,4,expended,35,7041213620643.42
Wildfire_I,2021,4,unknown,28,26116748.61
Wildfire_I,2021,4,obligated,27,42.9
Wildfire_I,2021,4,budget,15,145813483.38
2015_Floods,2022,1,drawdown,351,147311592.94
2015_Floods,2022,1,expended,129,3394415962324.5
2015_Floods,2022,1,unknown,120,989290805.99
2015_Floods,2022,1,obligated,99,3972.2700000000004
2015_Floods,2022,1,budget,64,281131911.09
2016_Floods,2022,1,drawdown,597,507700328.9
2016_Floods,2022,1,expended,213,3208917749284.95
2016_Floods,2022,1,obligated,164,1576.76
2016_Floods,2022,1,unknown,163,1266219778203.6
2016_Floods,2022,1,budget,106,500611257.97
2018_Floods_ActionPlan,2022,1,unknown,16,163578000.0
2018_Floods_ActionPlan,2022,1,budget,8,108417000.0
2018_Floods_Performance,2022,1,unknown,403,345218533.19
2018_Floods_Performance,2022,1,drawdown,125,114176696.0
2018_Floods_Performance,2022,1,expended,78,53230484.01
2018_Floods_Performance,2022,1,obligated,29,0.0
2018_Floods_Performance,2022,1,budget,18,291588893.22
2019_Disasters_ActionPlan,2022,1,unknown,24,0
2019_Disasters_ActionPlan,2022,1,budget,8,78714100.0
2019_Disasters_ActionPlan,2022,1,drawdown,4,10637050.0
2019_Disasters_Performance,2022,1,drawdown,180,32091501.7
2019_Disasters_Performance,2022,1,unknown,77,8302968485.75
2019_Disasters_Performance,2022,1,expended,73,3073914.07
2019_Disasters_Performance,2022,1,obligated,54,0.0
2019_Disasters_Performance,2022,1,budget,21,5133345450.0
Harvey_57M_ActionPlan,2022,1,budget,34,220215941.93
Harvey_57M_ActionPlan,2022,1,drawdown,11,21954728.0
Harvey_57M_ActionPlan,2022,1,unknown,7,200.0
Harvey_57M_Performance,2022,1,drawdown,59,161899968.59
Harvey_57M_Performance,2022,1,unknown,39,38056750.96
Harvey_57M_Performance,2022,1,expended,28,12425058.579999998
Harvey_57M_Performance,2022,1,obligated,13,0.0
Harvey_57M_Performance,2022,1,budget,7,61569686.66
Harvey_5B_ActionPlan,2022,1,unknown,204,12506129844.05
Harvey_5B_ActionPlan,2022,1,budget,14,228603505.6
Harvey_5B_Performance,2022,1,unknown,8338,29040112058.61
Harvey_5B_Performance,2022,1,drawdown,2955,478526740042712.06
Harvey_5B_Performance,2022,1,expended,1650,33118986377227.918
Harvey_5B_Performance,2022,1,obligated,675,0.0
Harvey_5B_Performance,2022,1,budget,351,11374943601.34
Hurricane_Ike,2022,1,drawdown,1503,4551814298.5
Hurricane_Ike,2022,1,expended,532,52371997680233.71
Hurricane_Ike,2022,1,obligated,330,341567.25
Hurricane_Ike,2022,1,unknown,175,12467352021.19
Hurricane_Ike,2022,1,budget,175,3708268526.98
Mitigation_ActionPlan,2022,1,unknown,85,12900898675.0
Mitigation_ActionPlan,2022,1,budget,57,4297189000.0
Mitigation_Performance,2022,1,unknown,2085,4302439457.76
Mitigation_Performance,2022,1,drawdown,705,1.115579479175836e+16
Mitigation_Performance,2022,1,expended,391,18946094010434.91
Mitigation_Performance,2022,1,obligated,149,0.0
Mitigation_Performance,2022,1,budget,74,6530583464.78
Wildfire_I,2022,1,drawdown,81,92885217.39
Wildfire_I,2022,1,expended,36,17539801437381.57
Wildfire_I,2022,1,unknown,33,25188596.93
Wildfire_I,2022,1,obligated,21,0.0
Wildfire_I,2022,1,budget,13,114796365.36
2015_Floods,2022,2,drawdown,343,136221377.21
2015_Floods,2022,2,expended,123,4603455630200.76
2015_Floods,2022,2,unknown,118,990898432.94
2015_Floods,2022,2,obligated,101,1166.48
2015_Floods,2022,2,budget,64,270413546.71
2016_Floods,2022,2,drawdown,554,463916827.99
2016_Floods,2022,2,expended,219,29689351306820.97
2016_Floods,2022,2,unknown,196,1923764057.03
2016_Floods,2022,2,obligated,175,706.03
2016_Floods,2022,2,budget,108,514712590.24
2018_Floods_ActionPlan,2022,2,unknown,16,163578000.0
2018_Floods_ActionPlan,2022,2,budget,8,108417000.0
2018_Floods_Performance,2022,2,unknown,404,345317216.39
2018_Floods_Performance,2022,2,drawdown,126,149952324.23
2018_Floods_Performance,2022,2,expended,78,54432463.71
2018_Floods_Performance,2022,2,obligated,28,0.0
2018_Floods_Performance,2022,2,budget,17,291609893.22
2019_Disasters_ActionPlan,2022,2,unknown,24,0
2019_Disasters_ActionPlan,2022,2,budget,8,78714100.0
2019_Disasters_ActionPlan,2022,2,drawdown,4,10637050.0
2019_Disasters_Performance,2022,2,drawdown,176,26336885.98
2019_Disasters_Performance,2022,2,unknown,74,8207554182.71
2019_Disasters_Performance,2022,2,expended,73,10970723.7
2019_Disasters_Performance,2022,2,obligated,53,0.0
2019_Disasters_Performance,2022,2,budget,21,5133345450.0
Harvey_57M_ActionPlan,2022,2,budget,31,220086528.0
Harvey_57M_ActionPlan,2022,2,drawdown,11,22129728.0
Harvey_57M_ActionPlan,2022,2,unknown,7,200.0
Harvey_57M_Performance,2022,2,drawdown,60,164503718.4
Harvey_57M_Performance,2022,2,unknown,37,183188170.35
Harvey_57M_Performance,2022,2,expended,27,3027263272158.21
Harvey_57M_Performance,2022,2,obligated,12,0.0
Harvey_57M_Performance,2022,2,budget,9,67349686.66
Harvey_5B_ActionPlan,2022,2,unknown,195,12496009751.43
Harvey_5B_ActionPlan,2022,2,budget,64,228603505.6
Harvey_5B_ActionPlan,2022,2,drawdown,6,0.0
Harvey_5B_Performance,2022,2,unknown,5467,26554885411.65
Harvey_5B_Performance,2022,2,drawdown,1336,302078641976422.0
Harvey_5B_Performance,2022,2,expended,702,49112553051734.15
Harvey_5B_Performance,2022,2,obligated,339,32101661.71
Harvey_5B_Performance,2022,2,budget,160,9684292309.36
Hurricane_Ike,2022,2,drawdown,1946,4475949865.12
Hurricane_Ike,2022,2,expended,1348,55653439422000.62
Hurricane_Ike,2022,2,unknown,945,12212634866.43
Hurricane_Ike,2022,2,obligated,495,2868138.77
Hurricane_Ike,2022,2,budget,219,3888599918.23
Mitigation_ActionPlan,2022,2,unknown,91,12900898680.0
Mitigation_ActionPlan,2022,2,budget,57,4297189000.0
Mitigation_Performance,2022,2,unknown,2673,10440805621.95
Mitigation_Performance,2022,2,drawdown,1154,1.223108945889453e+16
Mitigation_Performance,2022,2,expended,636,12607920016115.65
Mitigation_Performance,2022,2,obligated,265,0.0
Mitigation_Performance,2022,2,budget,139,7133311324.42
Wildfire_I,2022,2,drawdown,78,84757310.14
Wildfire_I,2022,2,expended,35,9016675743501.46
Wildfire_I,2022,2,unknown,25,85962365.06
Wildfire_I,2022,2,obligated,18,0.0
Wildfire_I,2022,2,budget,15,145814364.44
2015_Floods,2022,3,drawdown,254,107418168.22
2015_Floods,2022,3,unknown,104,979577909.0
2015_Floods,2022,3,expended,103,5044605474170.83
2015_Floods,2022,3,obligated,89,0.0
2015_Floods,2022,3,budget,47,257593701.76
2016_Floods,2022,3,drawdown,466,361099263.76
2016_Floods,2022,3,expended,193,2624921992715.87
2016_Floods,2022,3,unknown,171,80117880994.09
2016_Floods,2022,3,obligated,142,0.0
2016_Floods,2022,3,budget,71,418706748.12
2018_Floods_ActionPlan,2022,3,unknown,17,163774900.0
2018_Floods_ActionPlan,2022,3,budget,8,108417000.0
2018_Floods_Performance,2022,3,unknown,446,391423441.15
2018_Floods_Performance,2022,3,drawdown,137,172347765.76
2018_Floods_Performance,2022,3,expended,88,78426695.39
2018_Floods_Performance,2022,3,obligated,31,0.0
2018_Floods_Performance,2022,3,budget,20,340791857.68
2019_Disasters_ActionPlan,2022,3,unknown,24,0
2019_Disasters_ActionPlan,2022,3,budget,9,40951800.0
2019_Disasters_Performance,2022,3,drawdown,183,581409201.18
2019_Disasters_Performance,2022,3,expended,80,34901809.33
2019_Disasters_Performance,2022,3,unknown,73,278847696.23
2019_Disasters_Performance,2022,3,obligated,54,0.0
2019_Disasters_Performance,2022,3,budget,22,206315000.0
Harvey_57M_ActionPlan,2022,3,budget,28,219374456.0
Harvey_57M_ActionPlan,2022,3,unknown,7,11155600.0
Harvey_57M_Performance,2022,3,drawdown,53,175083864.51
Harvey_57M_Performance,2022,3,unknown,31,56501181.86
Harvey_57M_Performance,2022,3,expended,23,1081752402370.2301
Harvey_57M_Performance,2022,3,obligated,14,0.0
Harvey_57M_Performance,2022,3,budget,8,67220272.73
Harvey_5B_ActionPlan,2022,3,unknown,102,12524087246.0
Harvey_5B_ActionPlan,2022,3,budget,88,828293110.23
Harvey_5B_Performance,2022,3,unknown,2981,22540244147.09
Harvey_5B_Performance,2022,3,drawdown,642,91745239539662.45
Harvey_5B_Performance,2022,3,expended,310,47976449.78
Harvey_5B_Performance,2022,3,obligated,159,5753536.56
Harvey_5B_Performance,2022,3,budget,81,5847675619.52
Hurricane_Ike,2022,3,drawdown,359,3594411476.83
Hurricane_Ike,2022,3,expended,141,7584587915942.51
Hurricane_Ike,2022,3,obligated,93,167515.4
Hurricane_Ike,2022,3,unknown,63,11945978604.18
Hurricane_Ike,2022,3,budget,46,3313732925.38
Mitigation_ActionPlan,2022,3,unknown,100,12910898680.0
Mitigation_ActionPlan,2022,3,budget,63,4325002110.7
Mitigation_Performance,2022,3,unknown,2829,4870322496561159.0
Mitigation_Performance,2022,3,drawdown,962,1.5134153239930832e+16
Mitigation_Performance,2022,3,expended,628,18273475158604.58
Mitigation_Performance,2022,3,obligated,250,0.0
Mitigation_Performance,2022,3,budget,130,7495407608.08
Wildfire_I,2022,3,drawdown,83,91227490.61
Wildfire_I,2022,3,expended,36,1506332570868.26
Wildfire_I,2022,3,unknown,28,36263784.800000004
Wildfire_I,2022,3,obligated,18,0.0
Wildfire_I,2022,3,budget,15,145814046.2
2015_Floods,2022,4,drawdown,106,91775066.66
2015_Floods,2022,4,unknown,68,34926674874944.574
2015_Floods,2022,4,expended,47,10049488.26
2015_Floods,2022,4,obligated,39,0.0
2015_Floods,2022,4,budget,22,233340800.87
2016_Floods,2022,4,drawdown,492,491255597.78
2016_Floods,2022,4,expended,188,7854221320314.04
2016_Floods,2022,4,unknown,172,108449728855.26
2016_Floods,2022,4,obligated,154,7586523.16
2016_Floods,2022,4,budget,99,473487195.27
2018_Floods_ActionPlan,2022,4,unknown,17,163774900.0
2018_Floods_ActionPlan,2022,4,budget,7,104178000.0
2018_Floods_Performance,2022,4,unknown,456,420579148.54
2018_Floods_Performance,2022,4,drawdown,140,202257641.56
2018_Floods_Performance,2022,4,expended,83,77214078.13
2018_Floods_Performance,2022,4,obligated,31,3000000.0
2018_Floods_Performance,2022,4,budget,22,301245456.64
2019_Disasters_ActionPlan,2022,4,unknown,24,0
2019_Disasters_ActionPlan,2022,4,budget,9,40951800.0
2019_Disasters_Performance,2022,4,drawdown,159,279005599.17
2019_Disasters_Performance,2022,4,expended,74,1623727628909.0
2019_Disasters_Performance,2022,4,unknown,72,93422994.2
2019_Disasters_Performance,2022,4,obligated,55,0.0
2019_Disasters_Performance,2022,4,budget,21,195513900.0
Harvey_57M_ActionPlan,2022,4,budget,28,193329318.04
Harvey_57M_ActionPlan,2022,4,unknown,7,11155600.0
Harvey_57M_Performance,2022,4,drawdown,164,177195338.13
Harvey_57M_Performance,2022,4,expended,55,1135239294396.87
Harvey_57M_Performance,2022,4,unknown,36,51144670.41
Harvey_57M_Performance,2022,4,obligated,36,0.0
Harvey_57M_Performance,2022,4,budget,24,118216759.75
Harvey_5B_ActionPlan,2022,4,unknown,96,12293251971.0
Harvey_5B_ActionPlan,2022,4,budget,96,829398716.59
Harvey_5B_Performance,2022,4,unknown,1568,18778673811.16
Harvey_5B_Performance,2022,4,drawdown,124,16248371.92
Harvey_5B_Performance,2022,4,expended,43,5122631.99
Harvey_5B_Performance,2022,4,obligated,30,5487912.5
Harvey_5B_Performance,2022,4,budget,19,5685022874.47
Hurricane_Ike,2022,4,drawdown,314,3929540429.21
Hurricane_Ike,2022,4,expended,98,1600101267129.56
Hurricane_Ike,2022,4,obligated,66,89283.28
Hurricane_Ike,2022,4,unknown,63,9308746873.91
Hurricane_Ike,2022,4,budget,35,3409722715.28
Mitigation_ActionPlan,2022,4,unknown,104,12934306362.07
Mitigation_ActionPlan,2022,4,budget,63,4325002110.7
Mitigation_Performance,2022,4,unknown,3116,1.1439452017576128e+16
Mitigation_Performance,2022,4,drawdown,998,2.3340270868848188e+16
Mitigation_Performance,2022,4,expended,668,21437798406625.44
Mitigation_Performance,2022,4,obligated,264,0.0
Mitigation_Performance,2022,4,budget,136,6503247767.1
Wildfire_I,2022,4,drawdown,91,106615908.72
Wildfire_I,2022,4,expended,34,9014374571587.52
Wildfire_I,2022,4,budget,27,160714985.34
Wildfire_I,2022,4,unknown,26,43049064.13
Wildfire_I,2022,4,obligated,18,0.0
2015_Floods,2023,1,drawdown,67,87027052.5
2015_Floods,2023,1,unknown,41,941770926.62
2015_Floods,2023,1,expended,26,9701219.65
2015_Floods,2023,1,obligated,23,0.0
2015_Floods,2023,1,budget,13,230870674.72
2016_Floods,2023,1,drawdown,519,436836678.96
2016_Floods,2023,1,expended,206,14448984393653.87
2016_Floods,2023,1,unknown,172,1946751759.53
2016_Floods,2023,1,obligated,157,0.0
2016_Floods,2023,1,budget,105,493946034.37
2018_Floods_ActionPlan,2023,1,unknown,18,163774900.0
2018_Floods_ActionPlan,2023,1,budget,8,108417000.0
2018_Floods_Performance,2023,1,unknown,410,398651880.48
2018_Floods_Performance,2023,1,drawdown,116,124671701.63
2018_Floods_Performance,2023,1,expended,79,74362794.43
2018_Floods_Performance,2023,1,obligated,29,0.0
2018_Floods_Performance,2023,1,budget,20,285641807.15999997
2019_Disasters_ActionPlan,2023,1,unknown,24,0
2019_Disasters_ActionPlan,2023,1,budget,9,40951800.0
2019_Disasters_Performance,2023,1,drawdown,198,626218521.66
2019_Disasters_Performance,2023,1,expended,130,146830175.22
2019_Disasters_Performance,2023,1,unknown,100,49834594.79
2019_Disasters_Performance,2023,1,obligated,53,710067.86
2019_Disasters_Performance,2023,1,budget,20,135683900.0
Harvey_57M_ActionPlan,2023,1,budget,28,193811745.68
Harvey_57M_ActionPlan,2023,1,unknown,6,10966600.0
Harvey_57M_Performance,2023,1,drawdown,121,147622560.66
Harvey_57M_Performance,2023,1,expended,46,1988548399182.82
Harvey_57M_Performance,2023,1,unknown,34,76120959.38
Harvey_57M_Performance,2023,1,obligated,31,0.0
Harvey_57M_Performance,2023,1,budget,15,91925480.0
Harvey_5B_ActionPlan,2023,1,unknown,97,12293251971.0
Harvey_5B_ActionPlan,2023,1,budget,90,309489649.73
Harvey_5B_Performance,2023,1,unknown,8983,3467955857015739.5
Harvey_5B_Performance,2023,1,drawdown,3299,1067270229292664.2
Harvey_5B_Performance,2023,1,expended,1800,3507087860345045.5
Harvey_5B_Performance,2023,1,obligated,765,11388432.53
Harvey_5B_Performance,2023,1,budget,442,14296106159.85
Hurricane_Ike,2023,1,drawdown,278,3556427257.13
Hurricane_Ike,2023,1,expended,118,19781886292469.89
Hurricane_Ike,2023,1,obligated,72,89283.28
Hurricane_Ike,2023,1,unknown,67,16161544055.15
Hurricane_Ike,2023,1,budget,38,3341428846.4100003
Mitigation_ActionPlan,2023,1,unknown,102,12933843362.07
Mitigation_ActionPlan,2023,1,budget,63,4325002110.7
Mitigation_Performance,2023,1,unknown,3021,9142275997.44
Mitigation_Performance,2023,1,drawdown,977,1.2184424611762204e+16
Mitigation_Performance,2023,1,expended,650,31565193428248.52
Mitigation_Performance,2023,1,obligated,274,0.0
Mitigation_Performance,2023,1,budget,129,6909739838.64
Wildfire_I,2023,1,drawdown,89,114759547.37
Wildfire_I,2023,1,expended,36,5506466956484.74
Wildfire_I,2023,1,unknown,25,54550476.230000004
Wildfire_I,2023,1,budget,23,153798752.98
Wildfire_I,2023,1,obligated,18,0.0
2015_Floods,2023,2,unknown,37,1010033191.18
2015_Floods,2023,2,drawdown,29,75103942.81
2015_Floods,2023,2,expended,28,2047846399171.16
2015_Floods,2023,2,obligated,22,0.0
2015_Floods,2023,2,budget,13,230499749.13
2016_Floods,2023,2,drawdown,251,417490813.57
2016_Floods,2023,2,expended,208,21166523653060.85
2016_Floods,2023,2,obligated,164,306034.55000000005
2016_Floods,2023,2,budget,107,439245931.1
2016_Floods,2023,2,unknown,70,1939484260.44
2018_Floods_ActionPlan,2023,2,unknown,19,190287900.0
2018_Floods_ActionPlan,2023,2,budget,5,81904000.0
2018_Floods_Performance,2023,2,unknown,403,332147023.29
2018_Floods_Performance,2023,2,drawdown,106,99377684.47
2018_Floods_Performance,2023,2,expended,76,81640776.14
2018_Floods_Performance,2023,2,obligated,28,0.0
2018_Floods_Performance,2023,2,budget,18,199290507.16
2019_Disasters_ActionPlan,2023,2,unknown,24,0
2019_Disasters_ActionPlan,2023,2,budget,9,40951800.0
2019_Disasters_Performance,2023,2,drawdown,77,251884110.3
2019_Disasters_Performance,2023,2,expended,62,84177759.96
2019_Disasters_Performance,2023,2,obligated,43,0.0
2019_Disasters_Performance,2023,2,unknown,33,122022426.05
2019_Disasters_Performance,2023,2,budget,20,120133900.0
Harvey_57M_ActionPlan,2023,2,budget,30,83061200.0
Harvey_57M_ActionPlan,2023,2,unknown,5,10966400.0
Harvey_57M_ActionPlan,2023,2,drawdown,1,57800000.0
Harvey_57M_Performance,2023,2,drawdown,49,169811511.29
Harvey_57M_Performance,2023,2,expended,45,44243614.12
Harvey_57M_Performance,2023,2,obligated,34,0.0
Harvey_57M_Performance,2023,2,unknown,30,139496018.59
Harvey_57M_Performance,2023,2,budget,15,77808298.0
Harvey_5B_ActionPlan,2023,2,unknown,97,12293251971.0
Harvey_5B_ActionPlan,2023,2,budget,90,310032460.81
Harvey_5B_Performance,2023,2,unknown,8610,44454568411.18
Harvey_5B_Performance,2023,2,drawdown,2994,302087023431508.06
Harvey_5B_Performance,2023,2,expended,1770,51573831870958.62
Harvey_5B_Performance,2023,2,obligated,723,0.0
Harvey_5B_Performance,2023,2,budget,371,13638992108.01
Hurricane_Ike,2023,2,drawdown,287,3668977919.83
Hurricane_Ike,2023,2,expended,158,1908784681731.39
Hurricane_Ike,2023,2,obligated,108,114834.75
Hurricane_Ike,2023,2,budget,73,3481268600.79
Hurricane_Ike,2023,2,unknown,68,13321389717.0
Mitigation_ActionPlan,2023,2,unknown,105,12910988685.0
Mitigation_ActionPlan,2023,2,budget,61,4325002110.7
Mitigation_Performance,2023,2,unknown,3061,1159127182431383.5
Mitigation_Performance,2023,2,drawdown,930,1.5717381883898256e+16
Mitigation_Performance,2023,2,expended,638,17253181937680.34
Mitigation_Performance,2023,2,obligated,255,0.0
Mitigation_Performance,2023,2,budget,117,6700621964.68
Wildfire_I,2023,2,drawdown,53,108671993.23
Wildfire_I,2023,2,expended,37,1507561540743.89
Wildfire_I,2023,2,unknown,22,29021069.19
Wildfire_I,2023,2,obligated,17,0.0
Wildfire_I,2023,2,budget,15,107344231.17999999
2015_Floods,2023,3,drawdown,439,145263503.45
2015_Floods,2023,3,expended,161,5285814008845.23
2015_Floods,2023,3,unknown,147,1063542376.61
2015_Floods,2023,3,obligated,126,1165186.54
2015_Floods,2023,3,budget,87,278761109.44
2016_Floods,2023,3,drawdown,524,422954127.4
2016_Floods,2023,3,expended,211,33180429079867.99
2016_Floods,2023,3,unknown,191,156359178453.95
2016_Floods,2023,3,obligated,170,50237.590000000004
2016_Floods,2023,3,budget,112,482817184.49
2018_Floods_ActionPlan,2023,3,unknown,19,195787900.0
2018_Floods_ActionPlan,2023,3,budget,5,92904000.0
2018_Floods_Performance,2023,3,unknown,278,330183020.66
2018_Floods_Performance,2023,3,drawdown,60,70705063.46
2018_Floods_Performance,2023,3,expended,32,47462037.14
2018_Floods_Performance,2023,3,obligated,14,0.0
2018_Floods_Performance,2023,3,budget,11,162912047.36
2019_Disasters_ActionPlan,2023,3,unknown,24,0
2019_Disasters_ActionPlan,2023,3,budget,12,41950962.14
2019_Disasters_Performance,2023,3,drawdown,226,102174156.94
2019_Disasters_Performance,2023,3,unknown,93,108009152.3
2019_Disasters_Performance,2023,3,expended,83,14047781236805.47
2019_Disasters_Performance,2023,3,obligated,64,5968186.0600000005
2019_Disasters_Performance,2023,3,budget,34,145314533.24
Harvey_57M_ActionPlan,2023,3,budget,30,83061200.0
Harvey_57M_ActionPlan,2023,3,unknown,5,10966400.0
Harvey_57M_ActionPlan,2023,3,drawdown,1,57800000.0
Harvey_57M_Performance,2023,3,drawdown,128,257255100.57
Harvey_57M_Performance,2023,3,unknown,50,71461665.03
Harvey_57M_Performance,2023,3,expended,49,128461156.47
Harvey_57M_Performance,2023,3,obligated,37,0.0
Harvey_57M_Performance,2023,3,budget,27,123001655.56
Harvey_5B_ActionPlan,2023,3,unknown,100,12293251971.0
Harvey_5B_ActionPlan,2023,3,budget,27,308803371.88
Harvey_5B_Performance,2023,3,unknown,7880,22464955723.23
Harvey_5B_Performance,2023,3,drawdown,2617,15232349996176.65
Harvey_5B_Performance,2023,3,expended,1664,561698267567625.56
Harvey_5B_Performance,2023,3,obligated,672,2249247.97
Harvey_5B_Performance,2023,3,budget,371,10944250875.05
Hurricane_Ike,2023,3,unknown,61,13071704856.86
Hurricane_Ike,2023,3,drawdown,52,3657568732.8
Hurricane_Ike,2023,3,expended,30,204555509.71
Hurricane_Ike,2023,3,obligated,12,567712.39
Hurricane_Ike,2023,3,budget,7,3289573423.84
Mitigation_ActionPlan,2023,3,unknown,189,12910961512.0
Mitigation_ActionPlan,2023,3,budget,72,4320151171.66
Mitigation_Performance,2023,3,unknown,3719,3985303402.04
Mitigation_Performance,2023,3,drawdown,1175,2.677459533756702e+16
Mitigation_Performance,2023,3,expended,827,9854816548729.08
Mitigation_Performance,2023,3,obligated,298,0.0
Mitigation_Performance,2023,3,budget,146,5502695849.96
Wildfire_I,2023,3,drawdown,115,96707601.77
Wildfire_I,2023,3,expended,45,3172904716925.4
Wildfire_I,2023,3,unknown,38,31233882.1
Wildfire_I,2023,3,obligated,25,0.0
Wildfire_I,2023,3,budget,24,150846435.03
2016_Floods,2023,4,drawdown,301,421248733.77
2016_Floods,2023,4,unknown,122,1772260823.39
2016_Floods,2023,4,expended,115,9837643905495.42
2016_Floods,2023,4,obligated,101,2567681.78
2016_Floods,2023,4,budget,56,407849686.3
2018_Floods_ActionPlan,2023,4,unknown,19,196073900.0
2018_Floods_ActionPlan,2023,4,budget,4,84963000.0
2018_Floods_Performance,2023,4,unknown,452,589003027.44
2018_Floods_Performance,2023,4,drawdown,126,107383424.08
2018_Floods_Performance,2023,4,expended,79,49555410.67
2018_Floods_Performance,2023,4,obligated,31,286000.0
2018_Floods_Performance,2023,4,budget,20,290586217.84
2019_Disasters_ActionPlan,2023,4,unknown,25,1000000.0
2019_Disasters_ActionPlan,2023,4,budget,13,43921800.0
2019_Disasters_Performance,2023,4,drawdown,351,327395720.96
2019_Disasters_Performance,2023,4,unknown,131,176773953.6
2019_Disasters_Performance,2023,4,expended,121,3983101663516.98
2019_Disasters_Performance,2023,4,obligated,85,0.0
2019_Disasters_Performance,2023,4,budget,41,113158800.0
Harvey_57M_ActionPlan,2023,4,budget,28,63417922.83
Harvey_57M_ActionPlan,2023,4,unknown,4,0
Harvey_57M_ActionPlan,2023,4,drawdown,1,57800000.0
Harvey_5B_ActionPlan,2023,4,unknown,205,12293251844.0
Harvey_5B_ActionPlan,2023,4,budget,62,310553698.69
Harvey_5B_Performance,2023,4,unknown,7561,26547614552.12
Harvey_5B_Performance,2023,4,drawdown,2498,11285968029.7
Harvey_5B_Performance,2023,4,expended,1708,143211747554033.8
Harvey_5B_Performance,2023,4,obligated,659,14742.179999999998
Harvey_5B_Performance,2023,4,budget,336,9475276753.62
Hurricane_Ike,2023,4,drawdown,325,3480453430.49
Hurricane_Ike,2023,4,expended,123,27883849362963.21
Hurricane_Ike,2023,4,unknown,96,11308334508.8
Hurricane_Ike,2023,4,obligated,85,1008377.27
Hurricane_Ike,2023,4,budget,43,3394577134.67
Mitigation_ActionPlan,2023,4,unknown,233,12912419770.0
Mitigation_ActionPlan,2023,4,budget,101,4316992033.66
Mitigation_Performance,2023,4,unknown,4225,5300024921.68
Mitigation_Performance,2023,4,drawdown,1407,2.38481639195586e+16
Mitigation_Performance,2023,4,expended,933,12099468167306.22
Mitigation_Performance,2023,4,obligated,357,25666068.72
Mitigation_Performance,2023,4,budget,170,5752463932.81
Wildfire_I,2023,4,drawdown,71,76916197.4
Wildfire_I,2023,4,expended,37,3932047384040.66
Wildfire_I,2023,4,unknown,24,5819674.5200000005
Wildfire_I,2023,4,obligated,18,0.0
Wildfire_I,2023,4,budget,14,122475629.24
2015_Floods,2024,1,drawdown,146,96085304.11
2015_Floods,2024,1,unknown,72,1012004652.18
2015_Floods,2024,1,expended,53,6615955051590.39
2015_Floods,2024,1,obligated,47,19952.5
2015_Floods,2024,1,budget,30,247337013.28
2016_Floods,2024,1,drawdown,412,434957817.73
2016_Floods,2024,1,expended,152,21305050265337.43
2016_Floods,2024,1,obligated,132,1976.62
2016_Floods,2024,1,unknown,126,75718175762365.3
2016_Floods,2024,1,budget,71,402990184.55
2018_Floods_ActionPlan,2024,1,unknown,28,196448900.0
2018_Floods_ActionPlan,2024,1,budget,8,94226000.0
2018_Floods_Performance,2024,1,unknown,733,567950781.35
2018_Floods_Performance,2024,1,drawdown,257,157113266.57999998
2018_Floods_Performance,2024,1,expended,141,88891493.57
2018_Floods_Performance,2024,1,obligated,55,375000.0
2018_Floods_Performance,2024,1,budget,33,291950754.44
2019_Disasters_ActionPlan,2024,1,unknown,52,0
2019_Disasters_ActionPlan,2024,1,budget,24,41983731.81
2019_Disasters_Performance,2024,1,drawdown,328,597568887.24
2019_Disasters_Performance,2024,1,expended,130,6763624107914.62
2019_Disasters_Performance,2024,1,unknown,110,468972294.28000003
2019_Disasters_Performance,2024,1,obligated,89,0.0
2019_Disasters_Performance,2024,1,budget,42,77037712.82
Harvey_57M_ActionPlan,2024,1,budget,23,71579733.15
Harvey_57M_ActionPlan,2024,1,unknown,1,0
Harvey_57M_ActionPlan,2024,1,drawdown,1,57800000.0
Harvey_57M_Performance,2024,1,drawdown,139,364628893.95
Harvey_57M_Performance,2024,1,unknown,47,181700028.69
Harvey_57M_Performance,2024,1,expended,47,12349265606375.32
Harvey_57M_Performance,2024,1,obligated,40,481273.88
Harvey_57M_Performance,2024,1,budget,31,124119356.5
Harvey_5B_ActionPlan,2024,1,unknown,215,12293251844.0
Harvey_5B_ActionPlan,2024,1,budget,64,312850760.71
Harvey_5B_Performance,2024,1,unknown,5949,3.4241889537983744e+17
Harvey_5B_Performance,2024,1,drawdown,1908,3.424188769943534e+17
Harvey_5B_Performance,2024,1,expended,1260,324210036396533.3
Harvey_5B_Performance,2024,1,obligated,513,8762.39
Harvey_5B_Performance,2024,1,budget,276,9127203249.56
Hurricane_Ike,2024,1,drawdown,598,3390122732.73
Hurricane_Ike,2024,1,expended,238,17044907346641.61
Hurricane_Ike,2024,1,obligated,140,1009861.39
Hurricane_Ike,2024,1,unknown,104,13750753352.41
Hurricane_Ike,2024,1,budget,85,3338740976.9
Mitigation_ActionPlan,2024,1,unknown,285,12914939572.0
Mitigation_ActionPlan,2024,1,budget,103,4317974010.16
Mitigation_Performance,2024,1,unknown,4973,9536836163.22
Mitigation_Performance,2024,1,drawdown,1726,2.3113433929024776e+16
Mitigation_Performance,2024,1,expended,1076,31719061075195.64
Mitigation_Performance,2024,1,obligated,382,0.0
Mitigation_Performance,2024,1,budget,185,5238141495.41
Wildfire_I,2024,1,drawdown,29,81198568.14
Wildfire_I,2024,1,unknown,25,58564624.34
Wildfire_I,2024,1,expended,17,6108607212891.17
Wildfire_I,2024,1,budget,8,102850220.74
Wildfire_I,2024,1,obligated,6,0.0
2015_Floods,2024,2,drawdown,297,118760130.17
2015_Floods,2024,2,unknown,116,948131270.43
2015_Floods,2024,2,expended,110,11110628934054.25
2015_Floods,2024,2,obligated,103,1858.83
2015_Floods,2024,2,budget,51,257114442.85
2016_Floods,2024,2,drawdown,331,420507585.37
2016_Floods,2024,2,expended,114,10098774162761.1
2016_Floods,2024,2,obligated,89,13085.369999999999
2016_Floods,2024,2,unknown,70,1593369278.1
2016_Floods,2024,2,budget,55,411243717.25
2018_Floods_ActionPlan,2024,2,unknown,28,195848166.93
2018_Floods_ActionPlan,2024,2,budget,8,93024533.86
2018_Floods_Performance,2024,2,unknown,566,454740186.68
2018_Floods_Performance,2024,2,drawdown,199,150246719.65
2018_Floods_Performance,2024,2,expended,103,61475594.06
2018_Floods_Performance,2024,2,obligated,46,229204.02
2018_Floods_Performance,2024,2,budget,28,343641354.44
2019_Disasters_ActionPlan,2024,2,unknown,28,195848166.93
2019_Disasters_ActionPlan,2024,2,budget,8,93024533.86
2019_Disasters_Performance,2024,2,drawdown,368,389905039.19
2019_Disasters_Performance,2024,2,unknown,150,28500749818233.99
2019_Disasters_Performance,2024,2,expended,135,10653878791270.1
2019_Disasters_Performance,2024,2,obligated,108,343200.0
2019_Disasters_Performance,2024,2,budget,45,68732707.69
Harvey_57M_ActionPlan,2024,2,budget,24,71590980.59
Harvey_57M_ActionPlan,2024,2,unknown,1,0
Harvey_57M_ActionPlan,2024,2,drawdown,1,57800000.0
Harvey_57M_Performance,2024,2,drawdown,134,248728229.24
Harvey_57M_Performance,2024,2,unknown,55,147124947.14000002
Harvey_57M_Performance,2024,2,expended,44,8634114350707.33
Harvey_57M_Performance,2024,2,obligated,31,0.0
Harvey_57M_Performance,2024,2,budget,24,82747679.09
Harvey_5B_ActionPlan,2024,2,unknown,211,12293251844.0
Harvey_5B_ActionPlan,2024,2,budget,69,314270752.15999997
Harvey_5B_Performance,2024,2,unknown,7352,23377822911.21
Harvey_5B_Performance,2024,2,drawdown,2467,3.424728584206617e+17
Harvey_5B_Performance,2024,2,expended,1574,41675616530180.25
Harvey_5B_Performance,2024,2,obligated,616,345600.2
Harvey_5B_Performance,2024,2,budget,339,9899363835.94
Hurricane_Ike,2024,2,drawdown,341,3553228641.71
Hurricane_Ike,2024,2,expended,130,21456008903308.37
Hurricane_Ike,2024,2,obligated,83,912827.64
Hurricane_Ike,2024,2,unknown,58,14112877845.97
Hurricane_Ike,2024,2,budget,49,3378883268.51
Mitigation_ActionPlan,2024,2,unknown,301,12916287078.0
Mitigation_ActionPlan,2024,2,budget,106,4335928135.16
Mitigation_Performance,2024,2,unknown,6017,7623656689.51
Mitigation_Performance,2024,2,drawdown,2096,2.6748353511533196e+16
Mitigation_Performance,2024,2,expended,1324,44167255312415.8
Mitigation_Performance,2024,2,obligated,471,0.0
Mitigation_Performance,2024,2,budget,225,5500225311.38
Wildfire_I,2024,2,unknown,22,57572679.39
Wildfire_I,2024,2,drawdown,11,61402918.18
Wildfire_I,2024,2,expended,8,310826.98
Wildfire_I,2024,2,budget,5,93385109.53999999
2015_Floods,2024,3,drawdown,121,93708689.61
2015_Floods,2024,3,unknown,58,929217322.27
2015_Floods,2024,3,expended,45,4888549037563.09
2015_Floods,2024,3,obligated,39,41.08
2015_Floods,2024,3,budget,23,234519588.2
2016_Floods,2024,3,drawdown,389,439703187.54
2016_Floods,2024,3,unknown,148,1900998716.68
2016_Floods,2024,3,expended,145,12084590430876.99
2016_Floods,2024,3,obligated,130,5010.4
2016_Floods,2024,3,budget,78,412210342.81
2018_Floods_ActionPlan,2024,3,unknown,28,195999044.22
2018_Floods_ActionPlan,2024,3,budget,8,93326288.44
2018_Floods_Performance,2024,3,unknown,678,415431479.06
2018_Floods_Performance,2024,3,drawdown,219,128898234.42
2018_Floods_Performance,2024,3,expended,142,5741818144738.2705
2018_Floods_Performance,2024,3,obligated,57,0.0
2018_Floods_Performance,2024,3,budget,33,226950333.46
2019_Disasters_ActionPlan,2024,3,unknown,53,0
2019_Disasters_ActionPlan,2024,3,budget,30,29279076.41
2019_Disasters_Performance,2024,3,drawdown,450,28500362312378.66
2019_Disasters_Performance,2024,3,expended,172,12549980922479.01
2019_Disasters_Performance,2024,3,unknown,166,21500674344090.76
2019_Disasters_Performance,2024,3,obligated,130,0.0
2019_Disasters_Performance,2024,3,budget,59,77652521.96
Harvey_57M_ActionPlan,2024,3,budget,24,71587785.59
Harvey_57M_ActionPlan,2024,3,unknown,1,0
Harvey_57M_ActionPlan,2024,3,drawdown,1,57800000.0
Harvey_57M_Performance,2024,3,budget,24,71587785.59
Harvey_57M_Performance,2024,3,unknown,1,0
Harvey_57M_Performance,2024,3,drawdown,1,57800000.0
Harvey_5B_ActionPlan,2024,3,unknown,204,12293398691.89
Harvey_5B_ActionPlan,2024,3,budget,67,5337674107.69
Harvey_5B_Performance,2024,3,unknown,204,12293398691.89
Harvey_5B_Performance,2024,3,budget,67,5337674107.69
Hurricane_Ike,2024,3,drawdown,558,3663042153.69
Hurricane_Ike,2024,3,expended,217,28254794473884.51
Hurricane_Ike,2024,3,obligated,131,367436.13
Hurricane_Ike,2024,3,unknown,96,8051423908.04
Hurricane_Ike,2024,3,budget,80,3421735815.75
Mitigation_ActionPlan,2024,3,unknown,321,12918184828.0
Mitigation_ActionPlan,2024,3,budget,107,4336875935.16
Mitigation_Performance,2024,3,unknown,7329,11564408869.74
Mitigation_Performance,2024,3,drawdown,2420,4.015248394124042e+16
Mitigation_Performance,2024,3,expended,1649,85397039695152.88
Mitigation_Performance,2024,3,obligated,575,21843239.84
Mitigation_Performance,2024,3,budget,293,6096182978.89
Wildfire_I,2024,3,unknown,25,58709265.43
Wildfire_I,2024,3,drawdown,18,63134188.07
Wildfire_I,2024,3,expended,12,717674.96
Wildfire_I,2024,3,budget,6,93928108.02
Wildfire_I,2024,3,obligated,2,0.0
2015_Floods,2024,4,drawdown,76,80766134.54
2015_Floods,2024,4,unknown,60,1072301562.14
2015_Floods,2024,4,expended,27,6884019589967.19
2015_Floods,2024,4,obligated,25,5516.89
2015_Floods,2024,4,budget,14,220595024.86999997
2016_Floods,2024,4,drawdown,279,430969641.71
2016_Floods,2024,4,unknown,104,1895443837.51
2016_Floods,2024,4,expended,99,20779025280270.87
2016_Floods,2024,4,obligated,81,2594.7700000000004
2016_Floods,2024,4,budget,52,353204324.1
2018_Floods_ActionPlan,2024,4,unknown,25,172535900.0
2018_Floods_ActionPlan,2024,4,budget,4,46400000.0
2018_Floods_Performance,2024,4,unknown,673,450357981.19
2018_Floods_Performance,2024,4,drawdown,211,220064129.85
2018_Floods_Performance,2024,4,expended,132,65831875.53
2018_Floods_Performance,2024,4,obligated,56,235256.53
2018_Floods_Performance,2024,4,budget,30,291597244.43
2019_Disasters_ActionPlan,2024,4,unknown,54,0
2019_Disasters_ActionPlan,2024,4,budget,31,35814478.81
2019_Disasters_Performance,2024,4,drawdown,367,501669281.32
2019_Disasters_Performance,2024,4,expended,147,1546791776785.52
2019_Disasters_Performance,2024,4,unknown,145,971296368.57
2019_Disasters_Performance,2024,4,obligated,116,0.0
2019_Disasters_Performance,2024,4,budget,49,69859237.57
Harvey_57M_ActionPlan,2024,4,budget,75,79445631.1
Harvey_57M_ActionPlan,2024,4,unknown,3,0
Harvey_57M_ActionPlan,2024,4,drawdown,1,57800000.0
Harvey_57M_Performance,2024,4,drawdown,156,255225174.25
Harvey_57M_Performance,2024,4,unknown,62,131644067.57
Harvey_57M_Performance,2024,4,expended,49,7750952072366.45
Harvey_57M_Performance,2024,4,obligated,43,2000.0
Harvey_57M_Performance,2024,4,budget,23,82722518.77
Harvey_5B_ActionPlan,2024,4,unknown,209,12292374947.39
Harvey_5B_ActionPlan,2024,4,budget,65,5129056004.14
Harvey_5B_Performance,2024,4,unknown,5340,19505451062.27
Harvey_5B_Performance,2024,4,drawdown,1644,25807464180437.78
Harvey_5B_Performance,2024,4,expended,1191,21908183428360.83
Harvey_5B_Performance,2024,4,obligated,464,13124631.51
Harvey_5B_Performance,2024,4,budget,269,10566381959.41
Hurricane_Ike,2024,4,drawdown,281,3592192641.3
Hurricane_Ike,2024,4,expended,105,20528217215428.44
Hurricane_Ike,2024,4,obligated,72,322183.43
Hurricane_Ike,2024,4,unknown,69,9560134624.77
Hurricane_Ike,2024,4,budget,40,3348616241.58
Mitigation_ActionPlan,2024,4,unknown,331,12919743120.06
Mitigation_ActionPlan,2024,4,budget,107,4352687124.66
Mitigation_Performance,2024,4,unknown,6695,9485672358.06
Mitigation_Performance,2024,4,drawdown,2173,3.5109756714940616e+16
Mitigation_Performance,2024,4,expended,1547,86586810022373.44
Mitigation_Performance,2024,4,obligated,544,0.0
Mitigation_Performance,2024,4,budget,256,5778533685.36
Wildfire_I,2024,4,unknown,24,57643721.53
Wildfire_I,2024,4,drawdown,17,62707785.97
Wildfire_I,2024,4,expended,12,718861.0700000001
Wildfire_I,2024,4,budget,6,93928108.02
Wildfire_I,2024,4,obligated,2,0.0
2015_Floods,2025,1,drawdown,140,93408848.09
2015_Floods,2025,1,unknown,53,1002959341.14
2015_Floods,2025,1,expended,49,7968032948488.46
2015_Floods,2025,1,obligated,43,910810.42
2015_Floods,2025,1,budget,35,239795181.76999998
2016_Floods,2025,1,drawdown,277,419881534.9
2016_Floods,2025,1,expended,103,28552235909626.03
2016_Floods,2025,1,unknown,99,2040658011.77
2016_Floods,2025,1,obligated,90,2041196.4000000001
2016_Floods,2025,1,budget,54,387546079.8
2018_Floods_ActionPlan,2025,1,unknown,25,172535900.0
2018_Floods_ActionPlan,2025,1,budget,4,46400000.0
2018_Floods_Performance,2025,1,unknown,547,435023113.94
2018_Floods_Performance,2025,1,drawdown,124,139190597.8
2018_Floods_Performance,2025,1,expended,65,4810005295510.05
2018_Floods_Performance,2025,1,obligated,41,0.0
2018_Floods_Performance,2025,1,budget,18,248727440.51
2019_Disasters_Performance,2025,1,drawdown,368,115527537.46
2019_Disasters_Performance,2025,1,expended,148,11197832054421.44
2019_Disasters_Performance,2025,1,unknown,145,194527431.32
2019_Disasters_Performance,2025,1,obligated,125,1331090.13
2019_Disasters_Performance,2025,1,budget,54,83543805.6
Harvey_57M_ActionPlan,2025,1,budget,71,63138477.7
Harvey_57M_ActionPlan,2025,1,unknown,3,0
Harvey_57M_ActionPlan,2025,1,drawdown,1,57800000.0
Harvey_57M_Performance,2025,1,drawdown,93,261504219.61
Harvey_57M_Performance,2025,1,unknown,44,131583883.92
Harvey_57M_Performance,2025,1,expended,30,13476455432967.9
Harvey_57M_Performance,2025,1,obligated,24,546584.0
Harvey_57M_Performance,2025,1,budget,21,106184073.15
Harvey_5B_ActionPlan,2025,1,unknown,217,6625190129.31
Harvey_5B_ActionPlan,2025,1,budget,65,5129631312.14
Harvey_5B_Performance,2025,1,unknown,5938,26978554828.59
Harvey_5B_Performance,2025,1,drawdown,1871,134869947012911.1
Harvey_5B_Performance,2025,1,expended,1309,481742552043671.7
Harvey_5B_Performance,2025,1,obligated,544,1981655.14
Harvey_5B_Performance,2025,1,budget,289,10660900229.460001
Hurricane_Ike,2025,1,drawdown,318,3546002138.71
Hurricane_Ike,2025,1,expended,102,3798929368120.23
Hurricane_Ike,2025,1,obligated,81,27107896.82
Hurricane_Ike,2025,1,unknown,74,15120374312.8
Hurricane_Ike,2025,1,budget,56,3877401511.38
Mitigation_ActionPlan,2025,1,unknown,314,12925269886.06
Mitigation_ActionPlan,2025,1,budget,108,4353599724.66
Mitigation_Performance,2025,1,unknown,9246,6684292409.95
Mitigation_Performance,2025,1,drawdown,3140,3.5128175660275016e+16
Mitigation_Performance,2025,1,expended,2106,84507876026876.75
Mitigation_Performance,2025,1,obligated,701,500000.0
Mitigation_Performance,2025,1,budget,354,6292306488.0
Wildfire_I,2025,1,drawdown,35,93847123.34
Wildfire_I,2025,1,unknown,25,58004063.04
Wildfire_I,2025,1,expended,18,6108602471213.59
Wildfire_I,2025,1,budget,8,99131767.96
Wildfire_I,2025,1,obligated,5,0.0
2015_Floods,2025,2,drawdown,121,82626265.57
2015_Floods,2025,2,unknown,51,958307198.47
2015_Floods,2025,2,expended,40,6150076566898.19
2015_Floods,2025,2,obligated,32,100.79
2015_Floods,2025,2,budget,22,224878109.29
2016_Floods,2025,2,drawdown,332,411058908.31
2016_Floods,2025,2,unknown,130,12002439592001.39
2016_Floods,2025,2,expended,115,10694174159611.29
2016_Floods,2025,2,obligated,110,1258.52
2016_Floods,2025,2,budget,65,394816169.75
2018_Floods_ActionPlan,2025,2,unknown,24,172339000.0
2018_Floods_ActionPlan,2025,2,budget,4,46400000.0
2018_Floods_Performance,2025,2,unknown,680,456254265.81
2018_Floods_Performance,2025,2,drawdown,216,192437561.4
2018_Floods_Performance,2025,2,expended,139,2489527196049.04
2018_Floods_Performance,2025,2,obligated,55,0.0
2018_Floods_Performance,2025,2,budget,30,233427734.70000002
2019_Disasters_ActionPlan,2025,2,unknown,58,0.0
2019_Disasters_ActionPlan,2025,2,budget,58,36716674.09
2019_Disasters_Performance,2025,2,drawdown,399,354525936.40000004
2019_Disasters_Performance,2025,2,expended,163,1925933554801.89
2019_Disasters_Performance,2025,2,unknown,162,20606034662.13
2019_Disasters_Performance,2025,2,obligated,118,0.0
2019_Disasters_Performance,2025,2,budget,60,164799877.79999998
Harvey_57M_ActionPlan,2025,2,budget,76,82218181.09
Harvey_57M_ActionPlan,2025,2,unknown,3,0
Harvey_57M_ActionPlan,2025,2,drawdown,1,57800000.0
Harvey_5B_ActionPlan,2025,2,unknown,229,12306213735.220001
Harvey_5B_ActionPlan,2025,2,budget,62,5138874722.51
Harvey_5B_Performance,2025,2,unknown,6548,20604296118.83
Harvey_5B_Performance,2025,2,drawdown,2154,72928365637619.06
Harvey_5B_Performance,2025,2,expended,1466,60748736978796.97
Harvey_5B_Performance,2025,2,obligated,563,12621072.209999999
Harvey_5B_Performance,2025,2,budget,310,10755067888.18
Hurricane_Ike,2025,2,drawdown,203,3609715690.59
Hurricane_Ike,2025,2,expended,80,12303396989998.07
Hurricane_Ike,2025,2,unknown,63,12444725010.64
Hurricane_Ike,2025,2,obligated,47,940998.68
Hurricane_Ike,2025,2,budget,26,3398351337.4900002
Mitigation_ActionPlan,2025,2,unknown,341,13120485806.23
Mitigation_ActionPlan,2025,2,budget,108,4377104696.66
Mitigation_Performance,2025,2,unknown,10128,12875106744.58
Mitigation_Performance,2025,2,drawdown,3445,4.694711123824792e+16
Mitigation_Performance,2025,2,expended,2323,86246055489270.1
Mitigation_Performance,2025,2,obligated,779,3956545.65
Mitigation_Performance,2025,2,budget,424,6550613305.54
Wildfire_I,2025,2,unknown,26,59322179.72
Wildfire_I,2025,2,drawdown,19,63866053.41
Wildfire_I,2025,2,expended,12,719933.05
Wildfire_I,2025,2,budget,6,93928108.02
Wildfire_I,2025,2,obligated,1,0.0
2015_Floods,2025,3,drawdown,103,90111648.91
2015_Floods,2025,3,unknown,48,998566086.91
2015_Floods,2025,3,expended,39,16323875.22
2015_Floods,2025,3,obligated,28,1190.52
2015_Floods,2025,3,budget,17,233021046.79999998
2016_Floods,2025,3,drawdown,274,360466823.61
2016_Floods,2025,3,expended,114,6422451315520.45
2016_Floods,2025,3,unknown,94,1707099621.31
2016_Floods,2025,3,obligated,80,636.53
2016_Floods,2025,3,budget,56,390295370.0
2018_Floods_ActionPlan,2025,3,unknown,24,172339000.0
2018_Floods_ActionPlan,2025,3,budget,4,46400000.0
2018_Floods_Performance,2025,3,unknown,719,432316404.55
2018_Floods_Performance,2025,3,drawdown,238,183974838.43
2018_Floods_Performance,2025,3,expended,151,76216074.79
2018_Floods_Performance,2025,3,obligated,57,0.0
2018_Floods_Performance,2025,3,budget,32,240238336.95000002
2019_Disasters_ActionPlan,2025,3,unknown,56,0.0
2019_Disasters_ActionPlan,2025,3,budget,39,35716674.09
2019_Disasters_Performance,2025,3,drawdown,495,656478509.8
2019_Disasters_Performance,2025,3,expended,192,8883801836967.09
2019_Disasters_Performance,2025,3,unknown,161,17672128371.44
2019_Disasters_Performance,2025,3,obligated,145,4674977.31
2019_Disasters_Performance,2025,3,budget,70,150115588.5
Harvey_57M_ActionPlan,2025,3,budget,76,82233171.09
Harvey_57M_ActionPlan,2025,3,unknown,3,0
Harvey_57M_ActionPlan,2025,3,drawdown,1,57800000.0
Harvey_57M_Performance,2025,3,drawdown,56,216655750.58
Harvey_57M_Performance,2025,3,unknown,38,150645550.33
Harvey_57M_Performance,2025,3,expended,28,4362946251416.86
Harvey_57M_Performance,2025,3,obligated,16,1.0
Harvey_57M_Performance,2025,3,budget,11,88963242.97
Harvey_5B_ActionPlan,2025,3,unknown,209,12306213735.220001
Harvey_5B_ActionPlan,2025,3,budget,60,5137270716.86
Harvey_5B_Performance,2025,3,unknown,7255,34437221878.47
Harvey_5B_Performance,2025,3,drawdown,2229,72930299148680.52
Harvey_5B_Performance,2025,3,expended,1578,643368335623175.9
Harvey_5B_Performance,2025,3,obligated,622,35214475.68
Harvey_5B_Performance,2025,3,budget,320,9777703004.92
Hurricane_Ike,2025,3,drawdown,209,3397229396.33
Hurricane_Ike,2025,3,expended,94,9487357529523.81
Hurricane_Ike,2025,3,obligated,60,1173605.12
Hurricane_Ike,2025,3,unknown,58,8132262442.16
Hurricane_Ike,2025,3,budget,38,3360807587.9
Mitigation_ActionPlan,2025,3,unknown,367,13122736444.23
Mitigation_ActionPlan,2025,3,budget,106,4377104632.66
Mitigation_Performance,2025,3,unknown,11112,14649241539.52
Mitigation_Performance,2025,3,drawdown,3778,5.397475763997029e+16
Mitigation_Performance,2025,3,expended,2642,91566940925948.52
Mitigation_Performance,2025,3,obligated,879,0.0
Mitigation_Performance,2025,3,budget,449,6709884710.0
Wildfire_I,2025,3,unknown,24,58911588.77
Wildfire_I,2025,3,drawdown,12,62569035.21
Wildfire_I,2025,3,expended,8,310826.98
Wildfire_I,2025,3,budget,5,93385109.53999999
2018_Floods_ActionPlan,2025,4,unknown,24,172339000.0
2018_Floods_ActionPlan,2025,4,budget,4,46400000.0
2019_Disasters_ActionPlan,2025,4,unknown,60,0.0
2019_Disasters_ActionPlan,2025,4,budget,40,36732389.9
2024_Disasters,2025,4,budget,12,85568700.0
2024_Disasters,2025,4,unknown,4,0
Harvey_57M_ActionPlan,2025,4,budget,76,82227420.65
Harvey_57M_ActionPlan,2025,4,unknown,3,0
Harvey_57M_ActionPlan,2025,4,drawdown,1,57800000.0
Harvey_5B_ActionPlan,2025,4,unknown,377,12317728564.65
Harvey_5B_ActionPlan,2025,4,budget,105,5138942531.92
Mitigation_ActionPlan,2025,4,unknown,401,13127166995.33
Mitigation_ActionPlan,2025,4,budget,106,4377104632.66
