heading_text,section_count,total_chars,predicted_family,predicted_confidence,override_family,override_notes,resolved_family
Activity Description,71871,46352045,narrative,0.95,,,narrative
National Objective,71745,5622682,metadata,0.95,,,metadata
Projected End Date,71744,2329611,timeline,0.9,,,timeline
Projected Start Date,71743,3896416,timeline,0.9,,,timeline
Location Description,71679,25234073,narrative,0.95,,,narrative
Activity Progress Narrative,48334,30389557,narrative,0.95,,,narrative
Responsible Organization,48207,4803363,metadata,0.95,,,metadata
Completed Activity Actual End Date,47376,4991101,timeline,0.9,,,timeline
Benefit Type,46823,7622567,metadata,0.95,,,metadata
Total,44230,13649139,finance,0.95,,,finance
Activity Supporting Documents,36858,2489410,metadata,0.65,,,metadata
Activitiy Category,34424,3960470,other,0.3,,,other
Activity Type,33375,8415194,metadata,0.9,,,metadata
Other Funds,24664,1052325,finance,0.85,,,finance
Environmental Reviews,23709,982895,other,0.3,,,other
Proposed Budgets For Organizations Carrying Out Activity,23528,6149754,metadata,0.65,,,metadata
Environmental Assessment,23354,947914,other,0.3,,,other
Activity Draw Block By HUD,23336,886771,metadata,0.65,,,metadata
Activity Draw Block Date By HUD,23336,746752,metadata,0.65,,,metadata
Benefit Report Type,23336,469450,metadata,0.9,,,metadata
Block Drawdown By Grantee,23336,5441224,finance,0.85,,,finance
Project Draw Block By HUD,23336,1521949,metadata,0.65,,,metadata
Project Draw Block Date By HUD,23336,723416,metadata,0.65,,,metadata
Activity Attributes,16780,2118973,metadata,0.65,,,metadata
LMI%,10644,976592,other,0.3,,,other
Program Income Account,6019,3041925,finance,0.85,,,finance
Subject To Section 3 Requirements,4844,683920,other,0.3,,,other
Activitiy Type,2665,310320,metadata,0.9,,,metadata
Activity Is Being Carried Out Through,1702,217916,metadata,0.65,,,metadata
Organization Carrying Out Activity,1702,180169,metadata,0.65,,,metadata
Match Contributed,1515,334131,other,0.3,,,other
Total Funds,1447,306575,finance,0.85,,,finance
Activity Locations,1362,641948,metadata,0.65,,,metadata
Activity Category,1277,111181,metadata,0.65,,,metadata
Activity Location,1277,306441,metadata,0.65,,,metadata
Program Funds Drawdown,1277,51485,finance,0.85,,,finance
Program Income Drawdown,1277,43422,finance,0.85,,,finance
Program Income Received,1277,127267,finance,0.85,,,finance
Total Obligated,1277,91908,finance,0.85,,,finance
Total Projected Budget From All Sources,1277,110727,timeline,0.9,,,timeline
Section 3 Qualitative Efforts,1254,238484,other,0.3,,,other
No Other Funding Sources Found,888,131777,finance,0.85,,,finance
Activity Progress Narrative Type,623,303271,metadata,0.9,,,metadata
Beneficiaries Performance Measures,613,321982,metrics,0.85,,,metrics
Grantee,447,28783,metadata,0.65,,,metadata
Grant,432,9308,finance,0.85,,,finance
Recovery Needs,423,870415,narrative,0.95,,,narrative
Blocked By,410,49346,other,0.3,,,other
Disaster Damage,402,650046,narrative,0.95,,,narrative
Estimated PI/RL Funds,365,59658,finance,0.85,,,finance
LOCCS Authorized Amount,341,13731,finance,0.85,,,finance
Disasters,331,44081,other,0.3,,,other
Document,331,15508,other,0.3,,,other
Grantee Name,331,8652,metadata,0.65,,,metadata
Award Date,330,4720,finance,0.85,,,finance
Contract End Date,330,14910,timeline,0.9,,,timeline
Grant Status,330,665445,finance,0.85,,,finance
Obligation Date,330,6400,finance,0.85,,,finance
Overall Progress Narrative,328,544428,narrative,0.95,,,narrative
QPR Contact,328,4072,other,0.3,,,other
Review By HUD,328,13612,other,0.3,,,other
Project # / Title,312,13578,metadata,0.65,,,metadata
DREF,284,59147,other,0.3,,,other
Hazard Mitigation Grant Program,264,56649,finance,0.85,,,finance
DRGR,216,49614,other,0.3,,,other
Block Drawdown,196,2940,finance,0.85,,,finance
Block Drawdown Date,196,3920,finance,0.85,,,finance
Activity Is Being Carried Out By The Grantee,192,9020,metadata,0.65,,,metadata
Activity Is Being Carried Out Through: Organization Carrying Out Activity,192,17397,metadata,0.65,,,metadata
Other Funding Sources Budgeted - Detail,161,23010,finance,0.85,,,finance
This Report Period,159,29760,timeline,0.9,,,timeline
Beneficiaries - Area Benefit / Survey Method,146,13190,metrics,0.85,,,metrics
Accomplishments Performance Measures,143,11130,metrics,0.85,,,metrics
Distressed Budget,142,10701,finance,0.85,,,finance
Project Summary,138,219436,narrative,0.95,,,narrative
Activitiy Type: Activity Status,130,16344,metadata,0.65,,,metadata
Benefit Type: Completed Activity Actual End Date,128,7466,timeline,0.9,,,timeline
Projected Start Date: Projected End Date,128,7936,timeline,0.9,,,timeline
National Objective: Responsible Organization,127,45060,metadata,0.65,,,metadata
PROGRESS OF APPROVED ACTIVITIES TO DATE,116,143047,narrative,0.8,,,narrative
Action Plan,109,18496,narrative,0.8,,,narrative
Status,107,16516,metadata,0.65,,,metadata
0001 / ADMINISTRATION,98,4643,other,0.3,,,other
ACTIVITIES APPROVED TO DATE,96,23251,other,0.3,,,other
Public Comment,96,23621,other,0.3,,,other
>DREF,88,14870,other,0.3,,,other
Other Funding Sources,80,3984,finance,0.85,,,finance
Construction Shall Take Place At The Following Locations,68,62157,other,0.3,,,other
NON-HOUSING,52,51773,other,0.3,,,other
Performance Measures,50,19840,metrics,0.85,,,metrics
Street Improvements,48,12808,other,0.3,,,other
Activity Supporting Documents: None,46,4083,metadata,0.65,,,metadata
Proposed Use Of Funds,45,359762,finance,0.85,,,finance
Mitigation Needs Assessment,44,82997,narrative,0.8,,,narrative
Salary Allocations,41,6770,other,0.3,,,other
Water Facilities,36,24098,other,0.3,,,other
Impact Of Tropical Storm Imelda,34,85466,other,0.3,,,other
"Sell. In The Case Of Infrastructure Resiliency Solutions, Improvements May Include",34,45271,other,0.3,,,other
Grant Amount,32,920,finance,0.85,,,finance
Cost Of Building The Home,31,8140,other,0.3,,,other
Flood And Drainage,31,3472,other,0.3,,,other
"Following Increases, As Applicable",31,1085,other,0.3,,,other
Payroll Allocations,31,5833,other,0.3,,,other
"· Additionally, Most Homes/sites May Require",31,23565,other,0.3,,,other
>ACTIVITIES APPROVED TO DATE,30,8407,other,0.3,,,other
Key Items,30,16083,other,0.3,,,other
Payroll Allocations.,27,7434,other,0.3,,,other
AFFORDABLE RENTAL PROGRAM,26,18619,other,0.3,,,other
Affordable Rental Program,24,8236,other,0.3,,,other
Planning,24,17168,other,0.3,,,other
Harris County Affordable Rental Program,22,6591,metadata,0.65,,,metadata
Distinct Improvement Phases,21,18144,other,0.3,,,other
Total Funds Drawdown,21,786,finance,0.85,,,finance
Amendment #5 Will Allow The Disaster Recovery (DR) Program To,20,7956,narrative,0.8,,,narrative
Code Enforcement,19,8804,other,0.3,,,other
Fire Station #1 & #2,19,8932,other,0.3,,,other
HOUSING ACTIVITIES,19,26750,other,0.3,,,other
No Other Match Funding Sources Found,19,1753,finance,0.85,,,finance
Set Asides,19,21040,other,0.3,,,other
"Accounting Mechanism, Amendment #5 Will Allow The Disaster Recovery (DR) Program To",18,9234,narrative,0.8,,,narrative
HOUSING & INFRASTRUCTURE,18,13350,other,0.3,,,other
"Construction Shall Take Place Along The Following Roadways In Shelby County, Texas",17,22487,metadata,0.65,,,metadata
"Construction Shall Take Place At The Following Locations In Hitchcock, TX",17,8511,other,0.3,,,other
INFRASTRUCTURE,17,4884,other,0.3,,,other
Planning Activities Will Be Prioritized As Follows,17,14113,other,0.3,,,other
Total Other Funding Sources,17,459,finance,0.85,,,finance
No Activity Locations Found,16,2848,metadata,0.65,,,metadata
Staff Allocations,16,2285,other,0.3,,,other
Transferred To HAP As Follows,16,25598,other,0.3,,,other
Area Benefit (Survey),15,870,other,0.3,,,other
HGAC,15,1913,other,0.3,,,other
HOUSING,15,9467,other,0.3,,,other
Homeowner Assistance/reimbursement Programs,15,11204,other,0.3,,,other
Match Sources,15,1680,other,0.3,,,other
PLANNING,15,30723,other,0.3,,,other
Appurtenances At Each Of The Following Locations,14,16383,other,0.3,,,other
Contractor Shall Make The Following Water System Improvements Throughout The City,14,6622,other,0.3,,,other
Locations,14,22438,other,0.3,,,other
Progress Toward Required Numeric Targets,14,24270,narrative,0.8,,,narrative
STREET,14,15520,other,0.3,,,other
El Cary Subdivision,13,21853,other,0.3,,,other
El Jardin Subdivision (Charles Ditch),13,4522,other,0.3,,,other
Glendale Street.,13,572,other,0.3,,,other
Golf Course Pump Station,13,24657,other,0.3,,,other
Grantee Shall Perform Drainage Improvements At The Following Locations,13,1131,metadata,0.65,,,metadata
"Hardin, Orange, Jefferson",13,843,other,0.3,,,other
Kansas Avenue,13,4240,other,0.3,,,other
Lee Avenue,13,4030,other,0.3,,,other
Mauve Outfall Ditch,13,7631,other,0.3,,,other
Procter Street,13,3731,other,0.3,,,other
Sabine Pass Ditch,13,5597,other,0.3,,,other
Stadium Drive,13,3521,other,0.3,,,other
Under Way,13,434,other,0.3,,,other
Vista Village Ditch,13,3801,other,0.3,,,other
Woodland Park Avenue.,13,631,other,0.3,,,other
* Developer Procured By Subrecipient Will,12,1272,other,0.3,,,other
Eligible Activities Include,12,8566,other,0.3,,,other
Model 3,12,3964,other,0.3,,,other
Activity Title: HGAC-GLO#10-5051-000-5027,11,451,metadata,0.65,,,metadata
Activity Title: HGAC-GLO#12-468-000-6624,11,440,metadata,0.65,,,metadata
Activity Title: HGAC-GLO#13-465-000-7974,11,440,metadata,0.65,,,metadata
Activity Title: HGAC-GLO#15-081-000-8748,11,440,metadata,0.65,,,metadata
ECONOMIC REVITALIZATION PROGRAM,11,5538,other,0.3,,,other
HRP_SMID_LMI[19D_Imelda],11,264,other,0.3,,,other
HRP_SMID_LMI[19D_LRGV],11,7460,other,0.3,,,other
Include But Are Not Limited To The Following,11,7711,other,0.3,,,other
"Line, Kaufman Street Distribution Line, And US 190 S. Distribution Line.",11,1055,other,0.3,,,other
Most Impacted And Distressed Expended,11,528,finance,0.85,,,finance
Activity Title: HGAC-GLO#10-5052-000-5028,10,410,metadata,0.65,,,metadata
And Associated Appurtenances. Construction Shall Take Place At The Following Locations,10,31533,other,0.3,,,other
HOMEOWNER ASSISTANCE PROGRAM,10,8742,other,0.3,,,other
HOUSING OVERSUBSCRIPTION PROGRAM,10,9653,other,0.3,,,other
INFRASTRUCTURE ACTIVITIES,10,1882,other,0.3,,,other
Opportunity Zone Investment,10,1310,other,0.3,,,other
Project #/Project Title,10,704,metadata,0.65,,,metadata
"Resiliency Solutions, Improvements May Include",10,2785,other,0.3,,,other
Wastewater Treatment Plant Generator.,10,370,other,0.3,,,other
>PROGRESS OF APPROVED ACTIVITIES TO DATE,9,5296,narrative,0.8,,,narrative
Activity,9,468,metadata,0.65,,,metadata
Activity Title: LRGVDC-GLO#12-401-000-6446,9,378,metadata,0.65,,,metadata
"Apartments - 529 Old Port Isabel Rd, Brownsville, TX, 78520.",9,833,other,0.3,,,other
Benefit Report Types,9,1573,metadata,0.9,,,metadata
City Of La Porte Water System,9,3044,other,0.3,,,other
Documents,9,891,other,0.3,,,other
Drawdown,9,81,finance,0.85,,,finance
Drawdown Date,9,126,finance,0.85,,,finance
Fairground Lift Station.,9,216,other,0.3,,,other
From,9,45,other,0.3,,,other
HAP[CBCOG]_HMID_UN,9,77045,other,0.3,,,other
LOCAL BUYOUT AND LOCAL INFRASTRUCTURE PROGRAM,9,3107,other,0.3,,,other
Location,9,81,other,0.3,,,other
Most Impacted And Distressed Budget,9,897,finance,0.85,,,finance
Multi-family Rehabilitation Program,9,2538,other,0.3,,,other
Organizations Carrying Out Activity,9,1698,metadata,0.65,,,metadata
Single Family Rental Rehabilitation Program,9,17762,other,0.3,,,other
Street Improvements Construction Shall Take Place In Newton County At,9,3582,metadata,0.65,,,metadata
System At The Following Locations,9,306,other,0.3,,,other
Through,9,297,other,0.3,,,other
To,9,13212,other,0.3,,,other
ACTIVITY,8,64,metadata,0.65,,,metadata
AFFORDABLE RENTAL PROGRAMS,8,2204,other,0.3,,,other
"Construction Shall Take Place At 10 Locations In Shelby County, TX",8,8014,metadata,0.65,,,metadata
Construction Shall Take Place In The Following Locations,8,3279,other,0.3,,,other
"Drive Channel, Site 5 Middle Drainage Channel, Site 6 Summer Sun Cove Channel, And Site 7",8,1070,other,0.3,,,other
HARRIS COUNTY,8,3877,metadata,0.65,,,metadata
Key Notes,8,2204,other,0.3,,,other
Mulberry Street.,8,128,other,0.3,,,other
Two (2) Public Facilities,8,3578,other,0.3,,,other
4) HOUSING ACTIVITIES,7,3232,other,0.3,,,other
>NON-HOUSING ACTIVITIES,7,7547,other,0.3,,,other
All Base Studies,7,8442,other,0.3,,,other
Concrete Principal Spillway Conduit & Morning Glory Inlet Structure Rehabilitation.,7,581,metrics,0.85,,,metrics
GLO's Efforts To Affirmatively Furthering Fair Housing,7,2471,other,0.3,,,other
Hurricane Ike.,7,98,other,0.3,,,other
NON-HOUSING ACTIVITIES,7,7924,other,0.3,,,other
Planning Under Way,7,445,other,0.3,,,other
Sewer Facilities,7,5431,other,0.3,,,other
South East Texas Regional Planning Commission Counties Served – Texas,7,1334,other,0.3,,,other
Subrecipient Infrastructure Program,7,1005,other,0.3,,,other
Tract/block Group LMISD.,7,4809,metadata,0.65,,,metadata
UNDERWAY,7,897,other,0.3,,,other
Uninterrupted Water Service. Construction Shall Take Place At The Following Locations,7,16026,other,0.3,,,other
"0001, ADMINISTRATION",6,2973,other,0.3,,,other
3) HOUSING ACTIVITIES,6,3526,other,0.3,,,other
Activity Title: HGAC,6,120,metadata,0.65,,,metadata
Additional Project Detail,6,13199,metadata,0.65,,,metadata
Address A Failure To Function Caused By Hurricane Ike. DREF,6,6192,other,0.3,,,other
CITY OF HOUSTON,6,236,other,0.3,,,other
Drainage Improvements.,6,132,other,0.3,,,other
Fire Protection And Equipment,6,3747,other,0.3,,,other
Follows,6,7922,other,0.3,,,other
Houston - Homebuyer Assistance Program,6,14680,other,0.3,,,other
Houston - Multifamily Rental Program,6,20645,other,0.3,,,other
Houston - Small Rental Program,6,5682,other,0.3,,,other
Low Mod Total,6,1244,finance,0.85,,,finance
Overall Narrative,6,909,narrative,0.95,,,narrative
Place At The Following Locations,6,807,other,0.3,,,other
Port Mansfield,6,2718,other,0.3,,,other
Resilient Home Program,6,3765,other,0.3,,,other
"Solutions, Improvements May Include",6,11575,other,0.3,,,other
Specially Authorized Public Facilities And Improvements,6,4465,other,0.3,,,other
There Are Four Distinct Locations Under This DRGR Activity As Follows,6,18959,metadata,0.65,,,metadata
0002 / AFFORDABLE RENTAL RECOVERY,5,285,narrative,0.8,,,narrative
3) DRGR Grant Administration,5,2241,finance,0.85,,,finance
Activity Title: HGAC-GLO#14-236-000-8329,5,200,metadata,0.65,,,metadata
Activity Title: SETRPC-GLO#13-339-000-7653,5,210,metadata,0.65,,,metadata
Assessment,5,55,other,0.3,,,other
Cumulative Actual Total / Expected,5,592,timeline,0.9,,,timeline
DETCOG,5,1284,other,0.3,,,other
Direct ( Household ),5,100,metrics,0.85,,,metrics
E248_TexasA&MUniversity,5,2301,other,0.3,,,other
Financial Comparison,5,567,other,0.3,,,other
Flood & Drainage,5,2415,other,0.3,,,other
HAP[CBCOG]_HMID_LMI,5,14294,other,0.3,,,other
HAP[CBCOG]_SMID_LMI,5,95,other,0.3,,,other
HAP[CBCOG]_SMID_UN,5,60266,other,0.3,,,other
HOMEOWNER REIMBURSEMENT PROGRAM,5,3435,other,0.3,,,other
HRP_HMID_UN[19D_Imelda],5,115,other,0.3,,,other
HRP_HMID_UN[19D_LRGV],5,16296,other,0.3,,,other
Houston - Buyout Program,5,8689,other,0.3,,,other
INF_HMID_UN_GranteeSupp,5,41520,other,0.3,,,other
"Improvements, North Mclver Street Improvements, And West Turner Street Improvements.",5,420,other,0.3,,,other
Infrastructure,5,1461,other,0.3,,,other
"Line C, Line D.",5,425,other,0.3,,,other
PREPS,5,9387,other,0.3,,,other
Payroll Allocation Corrections.,5,581,finance,0.85,,,finance
Spencer Highway,5,8450,other,0.3,,,other
Wastewater Treatment Plant.,5,2275,other,0.3,,,other
"0002, PLANNING",4,1432,other,0.3,,,other
"0006, Local Infrastructure Program",4,8828,other,0.3,,,other
029-D270_Elgin_F&D,4,9461,other,0.3,,,other
"2209 Sam Houston Avenue, Huntsville, Texas.",4,763,other,0.3,,,other
3 Program Income Disbursed,4,516,finance,0.85,,,finance
5) INFRASTRUCTURE ACTIVITIES,4,2849,other,0.3,,,other
>GENERAL INFORMATION,4,2023,other,0.3,,,other
Activity Title: HGAC-GLO#10-5045-000-5021,4,164,metadata,0.65,,,metadata
Affordable Rental Housing Under Way,4,308,other,0.3,,,other
BVCOG,4,1226,other,0.3,,,other
CLOSED,4,654,other,0.3,,,other
"Construction Shall Take Place At Four (4) Lift Stations Throughout Seadrift, TX",4,1886,other,0.3,,,other
"Construction Shall Take Place At The Following Locations In Conroe, Texas",4,5354,other,0.3,,,other
"Construction Shall Take Place At The Following Locations In Palacios, Texas",4,4982,other,0.3,,,other
EXEMPT,4,1204,other,0.3,,,other
GENERAL INFORMATION,4,3413,other,0.3,,,other
HAP - CBCOG,4,44,other,0.3,,,other
HHC_HMID_LMI_GranteeSu,4,21380,other,0.3,,,other
HouHoAP[HM]_DA_LMI_19-,4,107233,other,0.3,,,other
HouHoAP[HM]_DA_UN_19-,4,5986,other,0.3,,,other
Houston - Planning,4,9012,other,0.3,,,other
Houston - Single Family Development Program,4,1477,other,0.3,,,other
Houston-galveston Area Council (H-GAC),4,348,other,0.3,,,other
INF_SMID_UN_GranteeSupp,4,60730,other,0.3,,,other
Infrastructure Overall Narrative,4,1811,narrative,0.8,,,narrative
Low Mod Total Low Mod Total Low/mod,4,1466,finance,0.85,,,finance
OVERALL NARRATIVE,4,1635,narrative,0.95,,,narrative
Urgent Need,4,44,other,0.3,,,other
(1) Public Facility.,3,280,other,0.3,,,other
"0003, NON-HOUSING",3,442,other,0.3,,,other
"0005, RESIDENTIAL BUYOUT",3,792,other,0.3,,,other
"0006, MONTGOMERY COUNTY",3,1067,metadata,0.65,,,metadata
"0009, Homeowner Reimbursement Program",3,5209,other,0.3,,,other
009-C022_Cleveland_F&D,3,26639,other,0.3,,,other
"1111, State MI Local Buyout/acquisition Program",3,1524,other,0.3,,,other
2800 Masters Drive.,3,847,other,0.3,,,other
3) Housing,3,288,other,0.3,,,other
3: Ditch A Run 4.,3,130,other,0.3,,,other
>HOUSING ACTIVITIES,3,3866,other,0.3,,,other
ADMINISTRATION,3,2504,other,0.3,,,other
ALAMO AREA COUNCIL OF GOVERNMENTS,3,99,other,0.3,,,other
Activities With MID Expenditures,3,129,finance,0.85,,,finance
Activity Title: HGAC-GLO#12-520-000-6747,3,120,metadata,0.65,,,metadata
Activity Title: SETRPC-GLO#1 2-449-000-6539,3,129,metadata,0.65,,,metadata
Activity Title: SETRPC-GLO#12-210-000-5510,3,126,metadata,0.65,,,metadata
Activity Title: STDC-GLO#12-529-000-6782,3,120,metadata,0.65,,,metadata
BRAZOS VALLEY COUNCIL OF GOVERNMENTS,3,108,other,0.3,,,other
Bulkhead Replacement.,3,420,other,0.3,,,other
CAPITAL AREA COUNCIL OF GOVERNMENTS,3,105,other,0.3,,,other
CENTRAL TEXAS COUNCIL OF GOVERNMENTS,3,108,other,0.3,,,other
COASTAL BEND COUNCIL OF GOVERNMENTS,3,105,other,0.3,,,other
CRP_HMID_LMI_GranteeSu,3,23378,other,0.3,,,other
Dolly. (DREF Eligibility: Category C - Individual Mitigation Measure),3,213,other,0.3,,,other
Footnotes,3,2731,other,0.3,,,other
"Group 1, Census Tract 9502, Block Group 2, Census Tract 9502, Block Group 3",3,523,metadata,0.65,,,metadata
HAP - DETCOG,3,55278,other,0.3,,,other
HAP[DETCOG]_HMID_LMI,3,60,other,0.3,,,other
HCBAP[57M]_DA_LMI_18-,3,3129,other,0.3,,,other
HRP_SMID_LMI,3,36,other,0.3,,,other
HRP_SMID_UN,3,4968,other,0.3,,,other
Harris County - Affordable Rental Program,3,2776,metadata,0.65,,,metadata
Harris County - Commercial Buyout Program,3,4628,metadata,0.65,,,metadata
Homeowner Reimbursement Program,3,93,other,0.3,,,other
Hurricane Ike. GLO#10-5045-000-5021,3,105,other,0.3,,,other
INF_HMID_UN_ProjectDelive,3,56726,other,0.3,,,other
INF_SMID_LMI_GranteeSup,3,26444,other,0.3,,,other
Key Points,3,1796,other,0.3,,,other
P-17-TX-48-HIM1 AP#10,3,443,other,0.3,,,other
P-17-TX-48-HIM1 AP#12,3,917,other,0.3,,,other
PH_HUD_MI_SETRPC-,3,5165,other,0.3,,,other
Plan Description,3,7947,narrative,0.8,,,narrative
Planning[H5b]_22-093-000-,3,9531,other,0.3,,,other
RHP[GCRPC]_HMID_UN[MI,3,4258,other,0.3,,,other
Raymondville Bridges,3,2522,other,0.3,,,other
SETRPC,3,168,other,0.3,,,other
SETRPC-INCOMPLETE-GLO#1 2-449-000-6539,3,264,other,0.3,,,other
Technical Assistance Visits,3,513,other,0.3,,,other
Texas - GLO,3,33,other,0.3,,,other
"The Infrastructure Team Has Focused On Several Key Areas, As Outlined Below",3,2676,other,0.3,,,other
This Report Period Cumulative Actual Total / Expected,3,498,timeline,0.9,,,timeline
-300 E. Helms Road,2,171,other,0.3,,,other
"0004, HOUSING",2,278,other,0.3,,,other
0005 / Homeowner Assistance Program,2,249,other,0.3,,,other
"0006, TRAVIS COUNTY",2,704,metadata,0.65,,,metadata
"0012, Resilient Communities Program",2,1318,other,0.3,,,other
"0013, 2018 South Texas Floods State Mitigation",2,1006,other,0.3,,,other
056-E566_LeagueCity_F&D,2,22740,other,0.3,,,other
070-D328_Seadrift_F&D,2,4935,other,0.3,,,other
3) Administration,2,463,other,0.3,,,other
4) Infrastructure,2,441,other,0.3,,,other
>Housing Recovery Activities Will Be Contracted And Administered Under Two Funding Cycles,2,6576,finance,0.85,,,finance
AFFORDABLE RENTAL,2,3827,other,0.3,,,other
Action Plan History,2,668,narrative,0.8,,,narrative
Activity Title: HGAC-12-506-000-6719,2,72,metadata,0.65,,,metadata
Activity Title: HGAC-GLO#12-494-000-6692,2,80,metadata,0.65,,,metadata
Activity Title: HGAC-GLO#13-167-000-7268,2,80,metadata,0.65,,,metadata
Activity Title: HGAC-GLO#13-314-000-7601,2,80,metadata,0.65,,,metadata
Activity Title: LRGVDC-GLO#1 2-401-000-6446,2,86,metadata,0.65,,,metadata
Activity Title: LRGVDC-GLO#12-211-000-5511,2,84,metadata,0.65,,,metadata
Activity Title: SETRPC-GLO#10-5004-000-4978,2,86,metadata,0.65,,,metadata
Activity Title: SETRPC-GLO#12-449-000-6539,2,84,metadata,0.65,,,metadata
Activity Title: SETRPC-GLO#13-130-000-7192,2,84,metadata,0.65,,,metadata
"Avenue/avenue D, Avenue C, Avenue B, Rosedale Street, And Tallow Drive.",2,142,other,0.3,,,other
B-17-DL-48-0002 AP#2,2,276,other,0.3,,,other
B-17-DL-48-0002 AP#3,2,60,other,0.3,,,other
Brazoria County,2,30,metadata,0.65,,,metadata
"Brazos Valley Region, Counties Served – Texas",2,222,other,0.3,,,other
C198_PortLavaca_F&D,2,29346,other,0.3,,,other
C257_FortBendCounty_F&D,2,9050,other,0.3,,,other
CANCELLED,2,668,other,0.3,,,other
"Concord Drainage Improvement A, Concord Drainage Improvement B.",2,224,other,0.3,,,other
Control District Channel B-115.,2,456,other,0.3,,,other
Crane Street.,2,401,other,0.3,,,other
DELETED,2,14,other,0.3,,,other
DELETED-,2,422,other,0.3,,,other
DRRP[H5b]_HMID_LMI_25-,2,9568,other,0.3,,,other
Flooding. DREF,2,2042,other,0.3,,,other
GLO Homeowners Assistance Program - Harris County,2,9640,metadata,0.65,,,metadata
HAP[CAPCOG]_SMID_LMI,2,40,other,0.3,,,other
HAP[CAPCOG]_SMID_UN,2,5302,other,0.3,,,other
HAP[CTCOG]_SMID_UN,2,36,other,0.3,,,other
HARRIS COUNTY - BUYOUT,2,242,metadata,0.65,,,metadata
HARRIS COUNTY PROGRAM,2,1832,metadata,0.65,,,metadata
HCBAP[57M]_DA_UN_18-,2,1926,other,0.3,,,other
HOS[GCRPC]_HMID_LMI,2,38,other,0.3,,,other
HOS[GCRPC]_HMID_UN,2,36,other,0.3,,,other
HOS[GCRPC]_SMID_LMI,2,7039,other,0.3,,,other
Harris County,2,27,metadata,0.65,,,metadata
Harris County - Buyout And Acquisition Program,2,1849,metadata,0.65,,,metadata
Harris County - Competitive Application Infrastructure Program,2,1440,metadata,0.65,,,metadata
Harris County - Homeowner Assistance Program,2,776,metadata,0.65,,,metadata
Harris County - Method Of Distribution Infrastructure Program,2,1323,metadata,0.65,,,metadata
Harris County - Planning,2,699,metadata,0.65,,,metadata
Harris County - Reimbursement Program,2,5791,metadata,0.65,,,metadata
Harris County - Single Family New Construction,2,5549,metadata,0.65,,,metadata
"Harris County, Texas",2,299,metadata,0.65,,,metadata
Housing Overall Narrative,2,1174,narrative,0.8,,,narrative
Houston - Homeowners Assistance Program,2,1085,other,0.3,,,other
INF_HMID_LMI_GranteeSup,2,49547,other,0.3,,,other
INF_HMID_NA_ProjectDelive,2,7181,other,0.3,,,other
INF_SMID_LMI_ProjectDelive,2,33170,other,0.3,,,other
Infrastructure Activities,2,139,other,0.3,,,other
LMI_El Campo Retirement-,2,3234,other,0.3,,,other
LOCAL BUYOUT PROGRAM,2,165,other,0.3,,,other
LOCAL INFRASTRUCTURE PROGRAM,2,428,other,0.3,,,other
"Lift Station, Sanitary Sewer, PVC Main Replacement, And Region 1-3 Manholes.",2,152,other,0.3,,,other
Magnolia Street.,2,143,other,0.3,,,other
NON-HOUSING (INFRASTRUCTURE),2,4569,other,0.3,,,other
No Accomplishments Performance Measures,2,435,metrics,0.85,,,metrics
Open Channel.,2,26,other,0.3,,,other
Original Description,2,1734,narrative,0.8,,,narrative
Overall Benefit Percentage (Actual),2,602,timeline,0.9,,,timeline
Overall Benefit Percentage (Projected),2,90,timeline,0.9,,,timeline
P-17-TX-48-HIM1 AP#11,2,443,other,0.3,,,other
P-17-TX-48-HIM1 AP#13,2,62,other,0.3,,,other
P-17-TX-48-HIM1 AP#15,2,1072,other,0.3,,,other
P-17-TX-48-HIM1 AP#16,2,62,other,0.3,,,other
P-17-TX-48-HIM1 AP#17,2,1196,other,0.3,,,other
P-17-TX-48-HIM1 AP#18,2,62,other,0.3,,,other
P-17-TX-48-HIM1 AP#9,2,700,other,0.3,,,other
P-18-TX-48-MIT1 AP#5,2,260,other,0.3,,,other
P-18-TX-48-MIT1 AP#6,2,290,other,0.3,,,other
P-18-TX-48-MIT1 AP#8,2,640,other,0.3,,,other
P-18-TX-48-MIT1 AP#9,2,60,other,0.3,,,other
P-19-TX-48-0DD2 AP#3,2,336,other,0.3,,,other
P-19-TX-48-0DD2 AP#4,2,60,other,0.3,,,other
PH_Multi_State_MI_The,2,2302,other,0.3,,,other
Planning Program,2,454,other,0.3,,,other
Project # / Project Title,2,180,metadata,0.65,,,metadata
Project/activity Index,2,2479,metadata,0.65,,,metadata
QPR Q2 2016: 04/01/2016 – 06/30/2016,2,72,other,0.3,,,other
QPR Q3 2016: 07/01/2016 – 09/30/2016,2,72,other,0.3,,,other
QPR Q3 2017: 7/01/2017 – 9/30/2017,2,93,other,0.3,,,other
RCP_SMID_LMI_GranteeSup,2,5923,other,0.3,,,other
RHP[CBCOG]_HMID_LMI[MI,2,5644,other,0.3,,,other
RHP[CBCOG]_SMID_UN[MI,2,46,other,0.3,,,other
RHP[GCRPC]_HMID_LMI[MI,2,2918,other,0.3,,,other
RHP[GCRPC]_SMID_LMI[MI,2,11338,other,0.3,,,other
Reviewed By HUD,2,81,other,0.3,,,other
San Jacinto County,2,78,metadata,0.65,,,metadata
"South Main Street, 30.919035, -93.998891.",2,352,other,0.3,,,other
"South Parham Street 32.100358, -96.449846.",2,383,other,0.3,,,other
"Southeast Regional Detention Pond, Southeast Regional Pond’s Drainage Improvements",2,2292,other,0.3,,,other
Staff Allocations. Closeout Complete,2,72,other,0.3,,,other
Street - From: Swan Street To,2,389,other,0.3,,,other
Submitted By,2,62,other,0.3,,,other
The Estimated Four Households Will Be Provided Additional Assistance As Outlined Below,2,960,metrics,0.85,,,metrics
The UN Buyout Households Will Be Provided Additional Assistance As Outlined Below,2,450,metrics,0.85,,,metrics
Water Plant 3 (Generator).,2,52,other,0.3,,,other
#Energy Star Replacement Windows,1,812,other,0.3,,,other
- Affordable Rental Program,1,528,other,0.3,,,other
- Payroll Allocations,1,676,other,0.3,,,other
"-97.327925. Tahitian Village Site 2, 30.088008, -97.327295 (1 Public Facility).",1,439,other,0.3,,,other
0001 / Homeowner Assistance Program,1,123,other,0.3,,,other
"0004, FORT BEND COUNTY",1,635,metadata,0.65,,,metadata
"0004, SETRPC HAP",1,161,other,0.3,,,other
"0005, HARRIS COUNTY",1,650,metadata,0.65,,,metadata
"0005, Homeowner Assistance Program",1,1291,other,0.3,,,other
"0005, Homeowner Reimbursement Program",1,371,other,0.3,,,other
"0006, Regional Mitigation Program",1,1653,other,0.3,,,other
"0007, Disaster Recovery Reallocation Program",1,351,narrative,0.8,,,narrative
"0007, Hazard Mitigation Grant Program: Supplemental",1,878,finance,0.85,,,finance
"0007, NEWTON COUNTY",1,459,metadata,0.65,,,metadata
"0008, Coastal Resiliency Program",1,1271,other,0.3,,,other
"0008, Economic Revitalization Program",1,782,other,0.3,,,other
"0009, Administration - Housing",1,156,other,0.3,,,other
"0009, RSA INFRASTRUCTURE",1,353,other,0.3,,,other
"0010, MI County Competition",1,298,metadata,0.65,,,metadata
"0010, Resilient Home Program",1,902,other,0.3,,,other
0011 / Affordable Rental Program,1,122,other,0.3,,,other
"0014, State-managed Harris County Flood Control District",1,842,metadata,0.65,,,metadata
009-E166_IowaColony_F&D,1,1922,other,0.3,,,other
026-D267_Hallettsville_F&D,1,2622,other,0.3,,,other
056-D313_Rockdale_F&D,1,1153,other,0.3,,,other
058-E568_Brookshire_F&D,1,11060,other,0.3,,,other
059-E569_Columbus_F&D,1,41,other,0.3,,,other
060-E570_HGAC_F&D,1,3773,other,0.3,,,other
085-C246_Yoakum_F&D,1,15668,other,0.3,,,other
1) INFRASTRUCTURE ACTIVITIES,1,862,other,0.3,,,other
114 Blackwell St.,1,1872,other,0.3,,,other
133 N. Laurel,1,1479,other,0.3,,,other
"13875 Ella Boulevard, Houston, Texas 77014",1,118,other,0.3,,,other
154-F069_Giddings_F&D,1,761,other,0.3,,,other
2 Current Quarter Expenditures,1,108,timeline,0.9,,,timeline
2) Program Income Disbursed,1,345,finance,0.85,,,finance
2) Program Income Received / Disbursed,1,39,finance,0.85,,,finance
2. ADMINISTRATION,1,705,other,0.3,,,other
"2101 CHURCH STREET, LLC",1,38,other,0.3,,,other
21506 Virginia St.,1,2437,other,0.3,,,other
216 Darlene Dr. (HOP),1,1399,other,0.3,,,other
216 S. Virginia Street,1,778,other,0.3,,,other
2186 Live Oak St.,1,3839,other,0.3,,,other
228 Audrey St.,1,1556,other,0.3,,,other
2610 Rev. Dr. Ransom Howard Street,1,1371,other,0.3,,,other
2823 Avenue Q 1/2,1,2384,other,0.3,,,other
3 Administration,1,817,other,0.3,,,other
3) HOUSING,1,1182,other,0.3,,,other
3. Administration,1,231,other,0.3,,,other
3. HOUSING ACTIVITIES,1,1295,other,0.3,,,other
"30.29169, -94.54064, One (1) Public Facility.",1,45,other,0.3,,,other
"3710 Magnolia, Beaumont, Jefferson County, TX. 77703",1,521,metadata,0.65,,,metadata
4) Administration,1,176,other,0.3,,,other
4) Housing,1,40,other,0.3,,,other
4) INFRASTRUCTURE,1,236,other,0.3,,,other
4) INFRASTRUCTURE ACTIVITIES,1,675,other,0.3,,,other
4) Non-housing,1,145,other,0.3,,,other
4. HOUSING ACTIVITIES,1,692,other,0.3,,,other
4. INFRASTRUCTURE ACTIVITIES,1,936,other,0.3,,,other
4010 Avenue I (Sealy Street),1,804,other,0.3,,,other
413 Ave B,1,1124,other,0.3,,,other
4219 Avenue T 1/2,1,836,other,0.3,,,other
4319 Avenue S (Stewart Road),1,2375,other,0.3,,,other
44919.82 - Payroll Allocations.,1,360,other,0.3,,,other
4501 Wood Ave.,1,751,other,0.3,,,other
457 Jay St (HOP),1,772,other,0.3,,,other
5 Administration,1,17,other,0.3,,,other
5 Infrastructure,1,958,other,0.3,,,other
5) Non-housing,1,79,other,0.3,,,other
519 W. Clark St.,1,3067,other,0.3,,,other
524 S. Mcdaniel,1,252,other,0.3,,,other
5240 Crosby Cedar Bayou Rd.,1,2342,other,0.3,,,other
5314 Avenue S (Stewart Road),1,2386,other,0.3,,,other
5706 Doulton Dr.,1,751,other,0.3,,,other
5714 W. Cedar Bayou Lynchburg Road,1,6171,other,0.3,,,other
6322 Northport Dr.,1,3904,other,0.3,,,other
7206 Hillsboro St.,1,755,other,0.3,,,other
9432.08 - Payroll Allocations,1,358,other,0.3,,,other
970 Alamo St.,1,314,other,0.3,,,other
9718 Trumpet St.,1,400,other,0.3,,,other
>Category A,1,191,other,0.3,,,other
>HOUSING,1,9,other,0.3,,,other
>Multi-family Housing Activities,1,1257,other,0.3,,,other
>NON-HOUSING,1,1997,other,0.3,,,other
>Remaining Projects Underway As Of The End Of This Reporting Period,1,949,timeline,0.9,,,timeline
>Single Family Housing Activities,1,1705,other,0.3,,,other
ACTION PLAN AND DISASTER RECOVERY ENHANCEMENT FUND,1,763,finance,0.85,,,finance
ADMINISTRATION[57M],1,109,other,0.3,,,other
ARP[57M]_HMID_LMI,1,69,other,0.3,,,other
Activities Set Up,1,358,other,0.3,,,other
Activity Title: BVCOG-GLO#12-632-000-7038,1,41,metadata,0.65,,,metadata
Activity Title: BVCOG-GLO#17-231-000-A165,1,41,metadata,0.65,,,metadata
Activity Title: DETCOG-GLO#1 2-476-000-6641,1,43,metadata,0.65,,,metadata
Activity Title: DETCOG-GLO#10-5192-000-5175,1,43,metadata,0.65,,,metadata
Activity Title: DETCOG-GLO#12-503-000-6716,1,42,metadata,0.65,,,metadata
Activity Title: DETCOG-GLO#12-585-000-6883,1,42,metadata,0.65,,,metadata
Activity Title: GHA-GLO#13-320-000-7621,1,39,metadata,0.65,,,metadata
Activity Title: GLO Services (Planning),1,39,metadata,0.65,,,metadata
Activity Title: HGAC-GLO#1 2-286-000-5634,1,41,metadata,0.65,,,metadata
Activity Title: HGAC-GLO#10-5271-000-5277,1,41,metadata,0.65,,,metadata
Activity Title: HGAC-GLO#12-218-000-5518,1,40,metadata,0.65,,,metadata
Activity Title: HGAC-GLO#12-286-000-5634,1,40,metadata,0.65,,,metadata
Activity Title: HGAC-GLO#12-472-000-6636,1,40,metadata,0.65,,,metadata
Activity Title: HGAC-GLO#12-633-000-7039,1,40,metadata,0.65,,,metadata
Activity Title: HGAC-GLO#16-209-000-9676,1,40,metadata,0.65,,,metadata
Activity Title: LRGVDC-GLO#12-200-000-5500,1,42,metadata,0.65,,,metadata
Activity Title: Street Improvements,1,35,metadata,0.65,,,metadata
Affordable Rental Housing,1,44,other,0.3,,,other
Affordable Rental Pprogram,1,252,other,0.3,,,other
"Alvin, TX, 29.365976, -95.233423.",1,134,other,0.3,,,other
Appurtenances. Construction Shall Take Place At The Following Locations,1,3078,other,0.3,,,other
Awards & Contracts Round I,1,4226,other,0.3,,,other
B-17-DL-48-0002 AP#1,1,108,other,0.3,,,other
BUYOUT PROGRAM,1,60,other,0.3,,,other
"Bradford St, Dayton St., Western Ave., Jasper St., Bowie Ave., Milam Ave. And Dowling St.",1,203,other,0.3,,,other
"Brenham, Maple Park Senior Village, And Brooks Haven Supportive Housing.",1,72,other,0.3,,,other
Bridge City,1,11,other,0.3,,,other
Budget And Policy,1,635,finance,0.85,,,finance
Burleson County,1,37,metadata,0.65,,,metadata
Business Hwy 290 B.,1,19,other,0.3,,,other
C218_PointComfort_F&D,1,1856,other,0.3,,,other
C270_AransasCounty_F&D,1,26545,other,0.3,,,other
C390_WestOrange_F&D,1,25057,other,0.3,,,other
"CALDWELL, CITY OF",1,2336,other,0.3,,,other
CBCOG,1,397,other,0.3,,,other
CBCOG MOD,1,181,other,0.3,,,other
"CREEDMOOR, CITY OF",1,2326,other,0.3,,,other
Cameron County,1,37,metadata,0.65,,,metadata
Chambers County,1,41,metadata,0.65,,,metadata
City Of Houston,1,16,other,0.3,,,other
Clarksville City,1,283,other,0.3,,,other
CoHERP[HOLDING]_UN,1,2251,other,0.3,,,other
Communication,1,357,other,0.3,,,other
Compliance And Quality Control,1,1522,other,0.3,,,other
Comprised Of The Following,1,179,other,0.3,,,other
"Consolidated WSC Plant I, Consolidated WSC Plant C, Consolidated WSC Plant B, Ratcliff WSC",1,273,other,0.3,,,other
Construction,1,601,other,0.3,,,other
Consulting Services,1,346,other,0.3,,,other
Contractor Shall Make The Following Drainage Improvements,1,381,other,0.3,,,other
"County, Texas.",1,158,metadata,0.65,,,metadata
"Countywide – Harris County, Texas",1,324,metadata,0.65,,,metadata
"Countywide – Montgomery County, Texas",1,37,metadata,0.65,,,metadata
"Crabbs Prairie VFD, 28 FM 1696 West, Crabbs Prairie, Texas - Walker County, Texas",1,436,metadata,0.65,,,metadata
D222_Rosenberg_F&D,1,3769,other,0.3,,,other
DELETE,1,3213,other,0.3,,,other
DREF Description,1,690,narrative,0.8,,,narrative
DRGR Issues,1,169,other,0.3,,,other
DRGR.,1,5,other,0.3,,,other
DRRP[19D]_HMID_LMH_25-,1,843,other,0.3,,,other
DRRP[H5b]_HMID_LMH_25-,1,42,other,0.3,,,other
DRS220034-4-CR 3526 & 3052,1,1987,other,0.3,,,other
Demolition Only – 115,1,465,other,0.3,,,other
Direct Benefit,1,204,other,0.3,,,other
Disbursed,1,378,other,0.3,,,other
Discharge Line.,1,15,other,0.3,,,other
Ditch/culvert Improvements.,1,27,other,0.3,,,other
Drive. (2000 Census: Tract: 723800; Block Group: 2; Tract: 723900; Block Group: 4),1,233,metadata,0.65,,,metadata
Drs010051-10-fire Station #4,1,28,other,0.3,,,other
Drs220164-4-eldridge Ln.,1,24,other,0.3,,,other
Drs220212-1a-garner Rd.,1,23,other,0.3,,,other
During The Reporting Quarter The Following Accomplishments Occurred,1,2752,timeline,0.9,,,timeline
E151_HCFCD[2020]_F&D,1,836,other,0.3,,,other
E176_AransasPass_F&D,1,5923,other,0.3,,,other
E219_OrangeCounty_F&D,1,2016,other,0.3,,,other
E567_BurlesonCounty_F&D,1,3529,other,0.3,,,other
E966_GoliadCounty_F&D,1,3932,other,0.3,,,other
"EASTLAND, CITY OF",1,2166,other,0.3,,,other
"ELP SIMON, LP - FOUNTAINS AT WESTCHASE",1,1233,other,0.3,,,other
ERP_HMID_LMI,1,938,other,0.3,,,other
Economic Revitalization Program,1,286,other,0.3,,,other
Engineering Design Work Underway.,1,33,other,0.3,,,other
Environmental Fund Release Complete. Engineering Design Work Underway.,1,612,finance,0.85,,,finance
"FLATONIA, CITY OF",1,2168,other,0.3,,,other
FRANKLIN CITY OF,1,2254,other,0.3,,,other
"Floodgate Road, 28,94496 -95.377448.",1,163,other,0.3,,,other
For All Base Studies,1,1165,other,0.3,,,other
GENERAL STATEMENT,1,1210,other,0.3,,,other
GLO Homeowners Assistance Program - City Of Houston,1,762,other,0.3,,,other
Grant Award Amount: Grant Status: QPR Contact,1,91,finance,0.85,,,finance
Grant Number: Obligation Date: Award Date,1,68,finance,0.85,,,finance
Grant: B-08-DI-48-0001,1,60,finance,0.85,,,finance
Grantee Name: Contract End Date: Review By HUD,1,87,timeline,0.9,,,timeline
Grantee: Texas -GLO,1,19,metadata,0.65,,,metadata
H-GAC,1,5,other,0.3,,,other
HAP - CAPCOG,1,3063,other,0.3,,,other
HAP - CTCOG,1,3051,other,0.3,,,other
HAP[CAPCOG]_HMID_UN,1,19,other,0.3,,,other
HAP[CAPCOG]_HMID_UN-,1,34,other,0.3,,,other
HAP[CTCOG]_SMID_LMI-,1,34,other,0.3,,,other
HAP[DETCOG]_HMID_UN,1,22127,other,0.3,,,other
HARRIS COUNTY - AFFORDABLE RENTAL PROGRAM,1,1217,metadata,0.65,,,metadata
HARRIS COUNTY - COMMERCIAL BUYOUT PROGRAM,1,340,metadata,0.65,,,metadata
HARRIS COUNTY - HOMEOWNER ASSISTANCE PROGRAM,1,845,metadata,0.65,,,metadata
HARRIS COUNTY - METHOD OF DISTRIBUTION INFRASTRUCTURE PROGRAM,1,1363,metadata,0.65,,,metadata
HARRIS COUNTY - PLANNING,1,1177,metadata,0.65,,,metadata
HARRIS COUNTY - REIMBURSEMENT PROGRAM,1,417,metadata,0.65,,,metadata
HARRIS COUNTY - SF AFFORDABLE HOUSING PRESERVATION,1,131,metadata,0.65,,,metadata
HCBAP[57M]_DA_LMI_18-495-,1,556,other,0.3,,,other
HCBIV[57m]_DA_UN_18-,1,659,other,0.3,,,other
HGAC-GLO#10-5051-000-5027,1,75,other,0.3,,,other
HGAC-GLO#10-5285-000-5291,1,326,other,0.3,,,other
HGAC-GLO#13-465-000-7974,1,74,other,0.3,,,other
HNTB CORPORATION,1,1205,other,0.3,,,other
HOS[GCRPC]_SMID_LMI[MI,1,24,other,0.3,,,other
HOS[GCRPC]_SMID_UN[MI,1,789,other,0.3,,,other
HOS[Harris]_HMID_LMI,1,7052,other,0.3,,,other
HOUSTON - ECONOMIC REVITALIZATION,1,280,other,0.3,,,other
HOUSTON - MULTIFAMILY RENTAL PROGRAM,1,1534,other,0.3,,,other
HOUSTON - PUBIC SERVICES,1,249,other,0.3,,,other
HRP_HMID_UN,1,11,other,0.3,,,other
HUD.GOV,1,87,other,0.3,,,other
Harris County - Infrastructure And Buyout Program,1,799,metadata,0.65,,,metadata
Harris County - Public Services,1,432,metadata,0.65,,,metadata
Harris County - SF Affordable Housing Preservation,1,263,metadata,0.65,,,metadata
Harris County Mitigation Method Of Distribution Program,1,828,metadata,0.65,,,metadata
Harvey 5b Harris County Direct Allocation Programs,1,51,finance,0.85,,,finance
Harvey 5b Houston Direct Allocation Programs,1,45,finance,0.85,,,finance
Hazard Mitigation Program,1,261,other,0.3,,,other
Homeowner Assistance Program,1,687,other,0.3,,,other
Homeowners Assistance Program,1,210,other,0.3,,,other
Homeowners Reimbursement Program,1,184,other,0.3,,,other
Housing,1,649,other,0.3,,,other
Housing Activities,1,1478,other,0.3,,,other
Housing And Infrastructure Activities Are As Follows,1,53,other,0.3,,,other
Housing Oversubscription Supplemental Program,1,333,other,0.3,,,other
Houston - Economic Development Program,1,5323,other,0.3,,,other
Houston - Economic Developmet Prgram,1,356,other,0.3,,,other
Houston - Economic Revitalization,1,88,other,0.3,,,other
Houston - Public Services,1,458,other,0.3,,,other
Houston-galveston Area Council,1,30,other,0.3,,,other
Houston-galveston Area Council Counties Served – Texas,1,385,other,0.3,,,other
IKE DOLLY (B-08-DI-48-0001),1,745,other,0.3,,,other
INFRASTRUCTURE PROGRAM,1,101,other,0.3,,,other
INF[HOLDING],1,1656,other,0.3,,,other
Improvements May Include,1,452,other,0.3,,,other
Improvements To Include,1,1442,other,0.3,,,other
In Review/ Pending Additional Information - 0,1,565,other,0.3,,,other
Indian Lake,1,1408,other,0.3,,,other
LBAP[HOLDING],1,560,other,0.3,,,other
LBAP_HMID_LMI_GranteeSu,1,9484,other,0.3,,,other
LBAP_HMID_UN_GranteeSu,1,1855,other,0.3,,,other
LBAP_SMID_LMI_GranteeSu,1,3539,other,0.3,,,other
LMISD.,1,6,other,0.3,,,other
LOCCS Authorized Amount: Estimated PI/RL Funds,1,108,finance,0.85,,,finance
La Villa,1,8,other,0.3,,,other
Land Use Plan.,1,14,other,0.3,,,other
Latitude: 30.8843630; GPS Location - Longitude: -96.5402660).,1,61,other,0.3,,,other
Leon County,1,30,metadata,0.65,,,metadata
Liberty County,1,14,metadata,0.65,,,metadata
Limited To The Following,1,463,other,0.3,,,other
Line (17) Nichols Street.,1,25,other,0.3,,,other
Local Buyout And Local Infrastructure Program,1,142,other,0.3,,,other
Low Mod,1,48,other,0.3,,,other
Marion County,1,28,metadata,0.65,,,metadata
Matagorda County,1,151,metadata,0.65,,,metadata
Measure Description,1,1728,narrative,0.8,,,narrative
Measure Description - Local Buyout/acquistion - Q4,1,317,narrative,0.8,,,narrative
Monitoring/technical Assistance Visits,1,141,narrative,0.8,,,narrative
Montgomery County,1,17,metadata,0.65,,,metadata
Most Impacted And Distressed Threshold (Projected),1,230,timeline,0.9,,,timeline
"NHDC APARTMENTS - COUNTRYSIDE VILLAGE, LP",1,56,other,0.3,,,other
"NHDC LEXINGTON SQUARE APARTMENTS, LP",1,225,other,0.3,,,other
Name,1,93,other,0.3,,,other
Newton County,1,13,metadata,0.65,,,metadata
Newton County Texas,1,19,metadata,0.65,,,metadata
Non-rental,1,953,other,0.3,,,other
Number,1,29,other,0.3,,,other
Number Of Activities Found Eligible And Approved For Funding By TDHCA In Previous Periods,1,90,finance,0.85,,,finance
Number Of Activities Found Eligible And Approved For Funding By TDHCA In Reporting Period,1,90,timeline,0.9,,,timeline
"ORANGE NAVY Il, L.P.",1,1202,other,0.3,,,other
OVERALL ACTIVITIES,1,276,other,0.3,,,other
Oaks Apartments-,1,1574,other,0.3,,,other
Other Funding Sources Amount,1,58,finance,0.85,,,finance
Ouston - Public Services,1,348,other,0.3,,,other
P-18-TX-48-MIT1 AP#4,1,200,other,0.3,,,other
P-18-TX-48-MIT1 AP#7,1,30,other,0.3,,,other
P-19-TX-48-0DD2 AP#1,1,108,other,0.3,,,other
P-19-TX-48-0DD2 AP#2,1,30,other,0.3,,,other
PH_GCRPC-,1,1667,other,0.3,,,other
PH_HGAC,1,1658,other,0.3,,,other
PH_Multi_HUD_MI_Abby,1,1682,other,0.3,,,other
PH_Multi_HUD_MI_Huntingto,1,1764,other,0.3,,,other
PH_Multi_HUD_MI_Tramonti,1,1704,other,0.3,,,other
PH_Multi_HUD_MI_Winnhav,1,1523,other,0.3,,,other
PH_Multi_State_MI_The Oaks,1,1155,other,0.3,,,other
PH_Multi_State_MI_Waverly,1,47,other,0.3,,,other
PH_SETRPC-,1,1057,other,0.3,,,other
PH_State_MI_BVCOG-,1,769,other,0.3,,,other
PH_State_MI_CBCOG-,1,698,other,0.3,,,other
PH_State_MI_GCRPC-,1,600,other,0.3,,,other
PH_UT AT AUSTIN,1,1659,other,0.3,,,other
PI/RL Funds,1,201,finance,0.85,,,finance
"PORTLAND, CITY OF",1,4091,other,0.3,,,other
PREPS_HI_UN,1,11,other,0.3,,,other
PREPS_HMID_UN,1,3799,other,0.3,,,other
Panorama Village,1,36,other,0.3,,,other
Pine Forest,1,1530,other,0.3,,,other
Planning Commission.,1,593,other,0.3,,,other
Program. 26.26 - Payroll Allocation,1,495,finance,0.85,,,finance
Programs,1,221,other,0.3,,,other
Project # / Project Title: 0002 / PLANNING,1,91,metadata,0.65,,,metadata
Project # / Project Title: 0003 / NON-HOUSING,1,82,metadata,0.65,,,metadata
Project #/ 0002 / PLANNING,1,62,metadata,0.65,,,metadata
Project #/ 0003 / NON-HOUSING,1,66,metadata,0.65,,,metadata
Project Activities Not Yet Begun,1,257,metadata,0.65,,,metadata
Public Facility.,1,16,other,0.3,,,other
QPR Q1 2015: 01/01/2016 – 03/31/2016,1,36,other,0.3,,,other
QPR Q1 2016: 01/01/2016 – 03/31/2016,1,36,other,0.3,,,other
QPR Q1 2017: 01/01/2017 – 03/31/2017,1,36,other,0.3,,,other
QPR Q2 2015: 03/31/2015 – 06/30/2015,1,36,other,0.3,,,other
QPR Q2 2015: 04/01/2015 – 06/30/2015,1,36,other,0.3,,,other
QPR Q2 2017: 04/01/2017 – 06/30/2017,1,128,other,0.3,,,other
QPR Q3 2015: 07/01/2015 - 09/30/2015,1,36,other,0.3,,,other
QPR Q3 2015: 07/01/2015 – 09/30/2015,1,36,other,0.3,,,other
QPR Q3 2015: 7/1/2015 – 9/30/2015,1,33,other,0.3,,,other
QPR Q4 2015: 10/01/2015 – 12/31/2015,1,36,other,0.3,,,other
QPR Q4 2015: 10/1/2015 – 12/31/2015,1,35,other,0.3,,,other
QPR Q4 2016: 10/01/2016 – 12/31/2016,1,36,other,0.3,,,other
RCP_SMID_NA_GranteeSup,1,573,other,0.3,,,other
RCP_SMID_UN_GranteeSup,1,740,other,0.3,,,other
REIMBURSEMENT PROGRAM,1,495,other,0.3,,,other
RENTAL,1,796,other,0.3,,,other
RESILIENT HOME PROGRAM,1,331,other,0.3,,,other
RHP[BVCOG]_SMID_UN[MIT,1,23,other,0.3,,,other
RHP[CBCOG]_HMID_UN[MI,1,10241,other,0.3,,,other
RHP[GCRPC]_SMID_UN[MIT,1,7206,other,0.3,,,other
RHP[SETRPC]_HMID_UN[MI,1,725,other,0.3,,,other
RMP_HMID_NA_GranteeSup,1,2693,other,0.3,,,other
RMP_SMID_NA_GranteeSup,1,209,other,0.3,,,other
Received,1,43,other,0.3,,,other
Reconstruction HMID Low/mod Applications Approved - 76,1,296,other,0.3,,,other
Reconstruction SMID Low/mod - 22,1,218,other,0.3,,,other
Rehabilitation HMID Low/mod Applications Approved - 1,1,8638,other,0.3,,,other
Report/letter Issued,1,101,other,0.3,,,other
Requirement Target,1,213,other,0.3,,,other
Resilient Communities Program,1,104,other,0.3,,,other
Reviewing Applicant Eligibility/property Assessment - 38,1,155,other,0.3,,,other
Rita I (B-06-DG-48-0001),1,411,other,0.3,,,other
Robertson County,1,16,metadata,0.65,,,metadata
STATE PLANNING AND ADMINISTRATION,1,277,other,0.3,,,other
STATE PROGRAMS,1,689,other,0.3,,,other
Sabine County,1,13,metadata,0.65,,,metadata
Salary Allocations / Expenditure Refund,1,628,finance,0.85,,,finance
Served Is As Follows,1,193,other,0.3,,,other
South Porter.,1,170,other,0.3,,,other
Southeast Texas Regional Planning Commission (SETRPC),1,77,other,0.3,,,other
Starr County,1,21,metadata,0.65,,,metadata
"Street, 29.776731, -96.151340, One (1) Public Facility.",1,155,other,0.3,,,other
Subrecipient Housing And Infrastructure Programs,1,174,other,0.3,,,other
Subrecipient Infrastructure Competitions And Programs,1,312,other,0.3,,,other
Subrecipient Programs,1,1425,other,0.3,,,other
Sullivan City,1,19,other,0.3,,,other
Supporting Documents,1,24,other,0.3,,,other
"TAFT, CITY OF",1,4641,other,0.3,,,other
"TIDWELL ESTATES, LTD.",1,224,other,0.3,,,other
Texas General Land Office,1,54,other,0.3,,,other
To Date,1,523,other,0.3,,,other
Total Activities Found Eligible And Approved For Funding To Date,1,624,finance,0.85,,,finance
Tyler County,1,12,metadata,0.65,,,metadata
UNION ACRES TRUST,1,1340,other,0.3,,,other
"VIDOR, CITY OF",1,2186,other,0.3,,,other
View Activities,1,63,other,0.3,,,other
"W. Highway 6, Alvin, TX, 29.433374, -95.254606.",1,149,other,0.3,,,other
"Which Reports Single Family Activities By Sub-recipient, Reported The Following",1,482,other,0.3,,,other
"White Oak Creek, Bridge 5 - CR 3038, East Branch White Oak Creek.",1,65,other,0.3,,,other
Willacy County,1,14,metadata,0.65,,,metadata
"Willacy County, Texas.",1,166,metadata,0.65,,,metadata
| DRGR,1,959,other,0.3,,,other
· DRGR Issues Encountered,1,372,other,0.3,,,other
· The Homeowner Assistance Program (HAP) = Setupsin The GLO System Below,1,942,other,0.3,,,other
• DRGR Issues Encountered,1,557,other,0.3,,,other
• INFRASTRUCTURE ACTIVITIES,1,583,other,0.3,,,other
• The Homeowner Assistance Program (HAP) = Setups In The GLO System Below,1,922,other,0.3,,,other
