document_id,category,filename,year,quarter,quarter_label,section_id,section_heading,para_index,start_page,end_page,paragraph,paragraph_for_embedding,semantic_score,semantic_seed_index,semantic_seed,bertopic_topic_id,bertopic_confidence,bertopic_is_outlier
211,Harvey_5B_ActionPlan,drgr-hh5b-2022-q2.pdf,2022,2,Q2 2022,571905,Activity Description,0,273,273,"During the course of the project, rising costs and material shortages restricted the City of Alvin's ability to carry out the project scope outlined by the initial contract. The city has decided that the project is therefore unable to be completed and the remaining funds have been reallocated into the city’s sewer facilities project.","During the course of the project, rising costs and material shortages restricted the City of Alvin's ability to carry out the project scope outlined by the initial contract. The city has decided that the project is therefore unable to be completed and the remaining funds have been reallocated into the city’s sewer facilities project.",0.5022090673446655,7,The project was cancelled and remaining funds were reallocated.,-1,0.5806872807041746,True
193,Harvey_5B_ActionPlan,drgr-h5b-2023-q2.pdf,2023,2,Q2 2023,668119,Activity Description,0,272,272,"During the course of the project, rising costs and material shortages restricted the City of Alvin's ability to carry out the project scope outlined by the initial contract. The city has decided that the project is therefore unable to be completed and the remaining funds have been reallocated into the city’s sewer facilities project.","During the course of the project, rising costs and material shortages restricted the City of Alvin's ability to carry out the project scope outlined by the initial contract. The city has decided that the project is therefore unable to be completed and the remaining funds have been reallocated into the city’s sewer facilities project.",0.5022090673446655,7,The project was cancelled and remaining funds were reallocated.,1,0.702284793294023,False
190,Harvey_5B_ActionPlan,drgr-h5b-2022-q3.pdf,2022,3,Q3 2022,596832,Activity Description,0,271,271,"During the course of the project, rising costs and material shortages restricted the City of Alvin's ability to carry out the project scope outlined by the initial contract. The city has decided that the project is therefore unable to be completed and the remaining funds have been reallocated into the city’s sewer facilities project. # of Elevated Structures # of Non-business Organizations benefitting # of public facilities","During the course of the project, rising costs and material shortages restricted the City of Alvin's ability to carry out the project scope outlined by the initial contract. The city has decided that the project is therefore unable to be completed and the remaining funds have been reallocated into the city’s sewer facilities project. # of Elevated Structures # of Non-business Organizations benefitting # of public facilities",0.4472412168979645,7,The project was cancelled and remaining funds were reallocated.,1,1.0,False
191,Harvey_5B_ActionPlan,drgr-h5b-2022-q4.pdf,2022,4,Q4 2022,619963,Activity Description,0,272,272,"During the course of the project, rising costs and material shortages restricted the City of Alvin's ability to carry out the project scope outlined by the initial contract. The city has decided that the project is therefore unable to be completed and the remaining funds have been reallocated into the city’s sewer facilities project. # of Elevated Structures # of Non-business Organizations benefitting # of public facilities","During the course of the project, rising costs and material shortages restricted the City of Alvin's ability to carry out the project scope outlined by the initial contract. The city has decided that the project is therefore unable to be completed and the remaining funds have been reallocated into the city’s sewer facilities project. # of Elevated Structures # of Non-business Organizations benefitting # of public facilities",0.4472412168979645,7,The project was cancelled and remaining funds were reallocated.,1,1.0,False
192,Harvey_5B_ActionPlan,drgr-h5b-2023-q1.pdf,2023,1,Q1 2023,643722,Activity Description,0,272,272,"During the course of the project, rising costs and material shortages restricted the City of Alvin's ability to carry out the project scope outlined by the initial contract. The city has decided that the project is therefore unable to be completed and the remaining funds have been reallocated into the city’s sewer facilities project. # of Elevated Structures # of Non-business Organizations benefitting # of public facilities","During the course of the project, rising costs and material shortages restricted the City of Alvin's ability to carry out the project scope outlined by the initial contract. The city has decided that the project is therefore unable to be completed and the remaining funds have been reallocated into the city’s sewer facilities project. # of Elevated Structures # of Non-business Organizations benefitting # of public facilities",0.4472412168979645,7,The project was cancelled and remaining funds were reallocated.,1,1.0,False
194,Harvey_5B_ActionPlan,drgr-h5b-2023-q3.pdf,2023,3,Q3 2023,693560,Activity Description,0,269,269,"During the course of the project, rising costs and material shortages restricted the City of Alvin's ability to carry out the project scope outlined by the initial contract. The city has decided that the project is therefore unable to be completed and the remaining funds have been reallocated into the city’s sewer facilities project. Total Low Mod Projected Beneficiaries Low/Mod% # of Persons 1 0.00 Total Projected Accomplishments # of Elevated Structures","During the course of the project, rising costs and material shortages restricted the City of Alvin's ability to carry out the project scope outlined by the initial contract. The city has decided that the project is therefore unable to be completed and the remaining funds have been reallocated into the city’s sewer facilities project. Total Low Mod Projected Beneficiaries Low/Mod% # of Persons 1 0.00 Total Projected Accomplishments # of Elevated Structures",0.44355297088623047,7,The project was cancelled and remaining funds were reallocated.,0,0.4665766930080931,False
195,Harvey_5B_ActionPlan,drgr-h5b-2023-q4.pdf,2023,4,Q4 2023,717264,Activity Description,0,296,296,"During the course of the project, rising costs and material shortages restricted the City of Alvin's ability to carry out the project scope outlined by the initial contract. The city has decided that the project is therefore unable to be completed and the remaining funds have been reallocated into the city’s sewer facilities project. Total Low Mod Projected Beneficiaries Low/Mod% # of Persons 1 0.00 Total Projected Accomplishments # of Elevated Structures","During the course of the project, rising costs and material shortages restricted the City of Alvin's ability to carry out the project scope outlined by the initial contract. The city has decided that the project is therefore unable to be completed and the remaining funds have been reallocated into the city’s sewer facilities project. Total Low Mod Projected Beneficiaries Low/Mod% # of Persons 1 0.00 Total Projected Accomplishments # of Elevated Structures",0.44355297088623047,7,The project was cancelled and remaining funds were reallocated.,0,0.4603365318947518,False
196,Harvey_5B_ActionPlan,drgr-h5b-2024-q1.pdf,2024,1,Q1 2024,742857,Activity Description,0,294,294,"During the course of the project, rising costs and material shortages restricted the City of Alvin's ability to carry out the project scope outlined by the initial contract. The city has decided that the project is therefore unable to be completed and the remaining funds have been reallocated into the city’s sewer facilities project. Total Low Mod Projected Beneficiaries Low/Mod% # of Persons 1 0.00 Total Projected Accomplishments # of Elevated Structures","During the course of the project, rising costs and material shortages restricted the City of Alvin's ability to carry out the project scope outlined by the initial contract. The city has decided that the project is therefore unable to be completed and the remaining funds have been reallocated into the city’s sewer facilities project. Total Low Mod Projected Beneficiaries Low/Mod% # of Persons 1 0.00 Total Projected Accomplishments # of Elevated Structures",0.44355297088623047,7,The project was cancelled and remaining funds were reallocated.,-1,0.40357195343560665,True
197,Harvey_5B_ActionPlan,drgr-h5b-2024-q2.pdf,2024,2,Q2 2024,770513,Activity Description,0,302,302,"During the course of the project, rising costs and material shortages restricted the City of Alvin's ability to carry out the project scope outlined by the initial contract. The city has decided that the project is therefore unable to be completed and the remaining funds have been reallocated into the city’s sewer facilities project. Total Low Mod Projected Beneficiaries Low/Mod% # of Persons 1 0.00 Total Projected Accomplishments # of Elevated Structures","During the course of the project, rising costs and material shortages restricted the City of Alvin's ability to carry out the project scope outlined by the initial contract. The city has decided that the project is therefore unable to be completed and the remaining funds have been reallocated into the city’s sewer facilities project. Total Low Mod Projected Beneficiaries Low/Mod% # of Persons 1 0.00 Total Projected Accomplishments # of Elevated Structures",0.44355297088623047,7,The project was cancelled and remaining funds were reallocated.,1,1.0,False
198,Harvey_5B_ActionPlan,drgr-h5b-2024-q3.pdf,2024,3,Q3 2024,800527,Activity Description,0,304,304,"During the course of the project, rising costs and material shortages restricted the City of Alvin's ability to carry out the project scope outlined by the initial contract. The city has decided that the project is therefore unable to be completed and the remaining funds have been reallocated into the city’s sewer facilities project. Total Low Mod Projected Beneficiaries Low/Mod% # of Persons 1 0.00 Total Projected Accomplishments # of Elevated Structures","During the course of the project, rising costs and material shortages restricted the City of Alvin's ability to carry out the project scope outlined by the initial contract. The city has decided that the project is therefore unable to be completed and the remaining funds have been reallocated into the city’s sewer facilities project. Total Low Mod Projected Beneficiaries Low/Mod% # of Persons 1 0.00 Total Projected Accomplishments # of Elevated Structures",0.44355297088623047,7,The project was cancelled and remaining funds were reallocated.,1,1.0,False
199,Harvey_5B_ActionPlan,drgr-h5b-2024-q4 (1).pdf,2024,4,Q4 2024,841017,Activity Description,0,312,312,"During the course of the project, rising costs and material shortages restricted the City of Alvin's ability to carry out the project scope outlined by the initial contract. The city has decided that the project is therefore unable to be completed and the remaining funds have been reallocated into the city’s sewer facilities project. Total Low Mod Projected Beneficiaries Low/Mod% # of Persons 1 0.00 Total Projected Accomplishments # of Elevated Structures","During the course of the project, rising costs and material shortages restricted the City of Alvin's ability to carry out the project scope outlined by the initial contract. The city has decided that the project is therefore unable to be completed and the remaining funds have been reallocated into the city’s sewer facilities project. Total Low Mod Projected Beneficiaries Low/Mod% # of Persons 1 0.00 Total Projected Accomplishments # of Elevated Structures",0.44355297088623047,7,The project was cancelled and remaining funds were reallocated.,1,1.0,False
200,Harvey_5B_ActionPlan,drgr-h5b-2025-q1.pdf,2025,1,Q1 2025,871106,Activity Description,0,319,319,"During the course of the project, rising costs and material shortages restricted the City of Alvin's ability to carry out the project scope outlined by the initial contract. The city has decided that the project is therefore unable to be completed and the remaining funds have been reallocated into the city’s sewer facilities project. Total Low Mod Projected Beneficiaries Low/Mod% # of Persons 1 0.00 Total Projected Accomplishments # of Elevated Structures","During the course of the project, rising costs and material shortages restricted the City of Alvin's ability to carry out the project scope outlined by the initial contract. The city has decided that the project is therefore unable to be completed and the remaining funds have been reallocated into the city’s sewer facilities project. Total Low Mod Projected Beneficiaries Low/Mod% # of Persons 1 0.00 Total Projected Accomplishments # of Elevated Structures",0.44355297088623047,7,The project was cancelled and remaining funds were reallocated.,1,1.0,False
201,Harvey_5B_ActionPlan,drgr-h5b-2025-q2.pdf,2025,2,Q2 2025,906367,Activity Description,0,320,320,"During the course of the project, rising costs and material shortages restricted the City of Alvin's ability to carry out the project scope outlined by the initial contract. The city has decided that the project is therefore unable to be completed and the remaining funds have been reallocated into the city’s sewer facilities project. Total Low Mod Projected Beneficiaries Low/Mod% # of Persons 1 0.00 Total Projected Accomplishments # of Elevated Structures","During the course of the project, rising costs and material shortages restricted the City of Alvin's ability to carry out the project scope outlined by the initial contract. The city has decided that the project is therefore unable to be completed and the remaining funds have been reallocated into the city’s sewer facilities project. Total Low Mod Projected Beneficiaries Low/Mod% # of Persons 1 0.00 Total Projected Accomplishments # of Elevated Structures",0.44355297088623047,7,The project was cancelled and remaining funds were reallocated.,1,1.0,False
202,Harvey_5B_ActionPlan,drgr-h5b-2025-q3.pdf,2025,3,Q3 2025,944015,Activity Description,0,320,320,"During the course of the project, rising costs and material shortages restricted the City of Alvin's ability to carry out the project scope outlined by the initial contract. The city has decided that the project is therefore unable to be completed and the remaining funds have been reallocated into the city’s sewer facilities project. Total Low Mod Projected Beneficiaries Low/Mod% # of Persons 1 0.00 Total Projected Accomplishments # of Elevated Structures","During the course of the project, rising costs and material shortages restricted the City of Alvin's ability to carry out the project scope outlined by the initial contract. The city has decided that the project is therefore unable to be completed and the remaining funds have been reallocated into the city’s sewer facilities project. Total Low Mod Projected Beneficiaries Low/Mod% # of Persons 1 0.00 Total Projected Accomplishments # of Elevated Structures",0.44355297088623047,7,The project was cancelled and remaining funds were reallocated.,1,0.7168489775446263,False
203,Harvey_5B_ActionPlan,drgr-h5b-2025-q4.pdf,2025,4,Q4 2025,982334,Activity Description,0,413,413,"During the course of the project, rising costs and material shortages restricted the City of Alvin's ability to carry out the project scope outlined by the initial contract. The city has decided that the project is therefore unable to be completed and the remaining funds have been reallocated into the city’s sewer facilities project. Total Low Mod Projected Beneficiaries Low/Mod% # of Persons 1 0.00 Total Projected Accomplishments # of Elevated Structures","During the course of the project, rising costs and material shortages restricted the City of Alvin's ability to carry out the project scope outlined by the initial contract. The city has decided that the project is therefore unable to be completed and the remaining funds have been reallocated into the city’s sewer facilities project. Total Low Mod Projected Beneficiaries Low/Mod% # of Persons 1 0.00 Total Projected Accomplishments # of Elevated Structures",0.44355297088623047,7,The project was cancelled and remaining funds were reallocated.,1,0.6918530059005011,False
200,Harvey_5B_ActionPlan,drgr-h5b-2025-q1.pdf,2025,1,Q1 2025,880413,Activity Description,0,1374,1374,"Placeholder activity to transfer Program Income generated by Harris County to its annual CDBG Program. $ 0.00 Local Government Harris, County $ 0.00 State Agency Texas General Land Office","Placeholder activity to transfer Program Income generated by Harris County to its annual CDBG Program. $ 0.00 Local Government Harris, County $ 0.00 State Agency Texas General Land Office",0.35931161046028137,4,Funds were redirected from one program to another program.,-1,0.017088599767334036,True
201,Harvey_5B_ActionPlan,drgr-h5b-2025-q2.pdf,2025,2,Q2 2025,916275,Activity Description,0,1436,1436,"Placeholder activity to transfer Program Income generated by Harris County to its annual CDBG Program. $ 0.00 Local Government Harris, County $ 0.00 State Agency Texas General Land Office","Placeholder activity to transfer Program Income generated by Harris County to its annual CDBG Program. $ 0.00 Local Government Harris, County $ 0.00 State Agency Texas General Land Office",0.35931161046028137,4,Funds were redirected from one program to another program.,-1,0.017102713771238974,True
202,Harvey_5B_ActionPlan,drgr-h5b-2025-q3.pdf,2025,3,Q3 2025,953825,Activity Description,0,1428,1428,"Placeholder activity to transfer Program Income generated by Harris County to its annual CDBG Program. $ 0.00 Local Government Harris, County $ 0.00 State Agency Texas General Land Office","Placeholder activity to transfer Program Income generated by Harris County to its annual CDBG Program. $ 0.00 Local Government Harris, County $ 0.00 State Agency Texas General Land Office",0.35931161046028137,4,Funds were redirected from one program to another program.,-1,0.0171249724346019,True
203,Harvey_5B_ActionPlan,drgr-h5b-2025-q4.pdf,2025,4,Q4 2025,992287,Activity Description,0,1823,1823,"Placeholder activity to transfer Program Income generated by Harris County to its annual CDBG Program. $ 0.00 Local Government Harris, County $ 0.00 State Agency Texas General Land Office","Placeholder activity to transfer Program Income generated by Harris County to its annual CDBG Program. $ 0.00 Local Government Harris, County $ 0.00 State Agency Texas General Land Office",0.35931161046028137,4,Funds were redirected from one program to another program.,-1,0.01729163233349993,True
192,Harvey_5B_ActionPlan,drgr-h5b-2023-q1.pdf,2023,1,Q1 2023,650851,Activity Description,0,966,966,The City of Wharton will provide a buyout program for residential dwellings affected by Hurricane Harvey. Assistance will be provided to homeowners who are located in a floodplain or reside in a repetitive flood area and who agree to relocate to outside the floodplain or a location of reduced flood risk. These activities will meet the urgent need national objective. Unexpended funds from this activity were moved to a low/mod housing relocation assistance activity. # of Singlefamily Units # of Multifamily Units # of Housing Units Activity funds eligible for DREF (Ike Only) Total acquisition compensation to owners # of Parcels acquired voluntarily # of Parcels acquired by admin settlement # of Parcels acquired by condemnation # of Properties,The City of Wharton will provide a buyout program for residential dwellings affected by Hurricane Harvey. Assistance will be provided to homeowners who are located in a floodplain or reside in a repetitive flood area and who agree to relocate to outside the floodplain or a location of reduced flood risk. These activities will meet the urgent need national objective. Unexpended funds from this activity were moved to a low/mod housing relocation assistance activity. # of Singlefamily Units # of Multifamily Units # of Housing Units Activity funds eligible for DREF (Ike Only) Total acquisition compensation to owners # of Parcels acquired voluntarily # of Parcels acquired by admin settlement # of Parcels acquired by condemnation # of Properties,0.3574863374233246,0,Funds were reallocated to another project or program.,0,1.0,False
193,Harvey_5B_ActionPlan,drgr-h5b-2023-q2.pdf,2023,2,Q2 2023,675104,Activity Description,0,965,965,The City of Wharton will provide a buyout program for residential dwellings affected by Hurricane Harvey. Assistance will be provided to homeowners who are located in a floodplain or reside in a repetitive flood area and who agree to relocate to outside the floodplain or a location of reduced flood risk. These activities will meet the urgent need national objective. Unexpended funds from this activity were moved to a low/mod housing relocation assistance activity. # of Singlefamily Units # of Multifamily Units # of Housing Units Activity funds eligible for DREF (Ike Only) Total acquisition compensation to owners # of Parcels acquired voluntarily # of Parcels acquired by admin settlement # of Parcels acquired by condemnation # of Properties,The City of Wharton will provide a buyout program for residential dwellings affected by Hurricane Harvey. Assistance will be provided to homeowners who are located in a floodplain or reside in a repetitive flood area and who agree to relocate to outside the floodplain or a location of reduced flood risk. These activities will meet the urgent need national objective. Unexpended funds from this activity were moved to a low/mod housing relocation assistance activity. # of Singlefamily Units # of Multifamily Units # of Housing Units Activity funds eligible for DREF (Ike Only) Total acquisition compensation to owners # of Parcels acquired voluntarily # of Parcels acquired by admin settlement # of Parcels acquired by condemnation # of Properties,0.3574863374233246,0,Funds were reallocated to another project or program.,0,0.7704974932476261,False
194,Harvey_5B_ActionPlan,drgr-h5b-2023-q3.pdf,2023,3,Q3 2023,700240,Activity Description,0,930,930,The City of Wharton will provide a buyout program for residential dwellings affected by Hurricane Harvey. Assistance will be provided to homeowners who are located in a floodplain or reside in a repetitive flood area and who agree to relocate to outside the floodplain or a location of reduced flood risk. These activities will meet the urgent need national objective. Unexpended funds from this activity were moved to a low/mod housing relocation assistance activity. # of Singlefamily Units # of Multifamily Units # of Housing Units Activity funds eligible for DREF (Ike Only) Total acquisition compensation to owners # of Parcels acquired voluntarily # of Parcels acquired by admin settlement # of Parcels acquired by condemnation # of Properties,The City of Wharton will provide a buyout program for residential dwellings affected by Hurricane Harvey. Assistance will be provided to homeowners who are located in a floodplain or reside in a repetitive flood area and who agree to relocate to outside the floodplain or a location of reduced flood risk. These activities will meet the urgent need national objective. Unexpended funds from this activity were moved to a low/mod housing relocation assistance activity. # of Singlefamily Units # of Multifamily Units # of Housing Units Activity funds eligible for DREF (Ike Only) Total acquisition compensation to owners # of Parcels acquired voluntarily # of Parcels acquired by admin settlement # of Parcels acquired by condemnation # of Properties,0.3574863374233246,0,Funds were reallocated to another project or program.,0,0.7570198304979983,False
195,Harvey_5B_ActionPlan,drgr-h5b-2023-q4.pdf,2023,4,Q4 2023,724004,Activity Description,0,1078,1078,The City of Wharton will provide a buyout program for residential dwellings affected by Hurricane Harvey. Assistance will be provided to homeowners who are located in a floodplain or reside in a repetitive flood area and who agree to relocate to outside the floodplain or a location of reduced flood risk. These activities will meet the urgent need national objective. Unexpended funds from this activity were moved to a low/mod housing relocation assistance activity. # of Singlefamily Units # of Multifamily Units # of Housing Units Activity funds eligible for DREF (Ike Only) Total acquisition compensation to owners # of Parcels acquired voluntarily # of Parcels acquired by admin settlement # of Parcels acquired by condemnation # of Properties,The City of Wharton will provide a buyout program for residential dwellings affected by Hurricane Harvey. Assistance will be provided to homeowners who are located in a floodplain or reside in a repetitive flood area and who agree to relocate to outside the floodplain or a location of reduced flood risk. These activities will meet the urgent need national objective. Unexpended funds from this activity were moved to a low/mod housing relocation assistance activity. # of Singlefamily Units # of Multifamily Units # of Housing Units Activity funds eligible for DREF (Ike Only) Total acquisition compensation to owners # of Parcels acquired voluntarily # of Parcels acquired by admin settlement # of Parcels acquired by condemnation # of Properties,0.3574863374233246,0,Funds were reallocated to another project or program.,0,1.0,False
196,Harvey_5B_ActionPlan,drgr-h5b-2024-q1.pdf,2024,1,Q1 2024,749738,Activity Description,0,1091,1091,The City of Wharton will provide a buyout program for residential dwellings affected by Hurricane Harvey. Assistance will be provided to homeowners who are located in a floodplain or reside in a repetitive flood area and who agree to relocate to outside the floodplain or a location of reduced flood risk. These activities will meet the urgent need national objective. Unexpended funds from this activity were moved to a low/mod housing relocation assistance activity. # of Singlefamily Units # of Multifamily Units # of Housing Units Activity funds eligible for DREF (Ike Only) Total acquisition compensation to owners # of Parcels acquired voluntarily # of Parcels acquired by admin settlement # of Parcels acquired by condemnation # of Properties,The City of Wharton will provide a buyout program for residential dwellings affected by Hurricane Harvey. Assistance will be provided to homeowners who are located in a floodplain or reside in a repetitive flood area and who agree to relocate to outside the floodplain or a location of reduced flood risk. These activities will meet the urgent need national objective. Unexpended funds from this activity were moved to a low/mod housing relocation assistance activity. # of Singlefamily Units # of Multifamily Units # of Housing Units Activity funds eligible for DREF (Ike Only) Total acquisition compensation to owners # of Parcels acquired voluntarily # of Parcels acquired by admin settlement # of Parcels acquired by condemnation # of Properties,0.3574863374233246,0,Funds were reallocated to another project or program.,0,1.0,False
197,Harvey_5B_ActionPlan,drgr-h5b-2024-q2.pdf,2024,2,Q2 2024,777375,Activity Description,0,1100,1100,The City of Wharton will provide a buyout program for residential dwellings affected by Hurricane Harvey. Assistance will be provided to homeowners who are located in a floodplain or reside in a repetitive flood area and who agree to relocate to outside the floodplain or a location of reduced flood risk. These activities will meet the urgent need national objective. Unexpended funds from this activity were moved to a low/mod housing relocation assistance activity. # of Singlefamily Units # of Multifamily Units # of Housing Units Activity funds eligible for DREF (Ike Only) Total acquisition compensation to owners # of Parcels acquired voluntarily # of Parcels acquired by admin settlement # of Parcels acquired by condemnation # of Properties,The City of Wharton will provide a buyout program for residential dwellings affected by Hurricane Harvey. Assistance will be provided to homeowners who are located in a floodplain or reside in a repetitive flood area and who agree to relocate to outside the floodplain or a location of reduced flood risk. These activities will meet the urgent need national objective. Unexpended funds from this activity were moved to a low/mod housing relocation assistance activity. # of Singlefamily Units # of Multifamily Units # of Housing Units Activity funds eligible for DREF (Ike Only) Total acquisition compensation to owners # of Parcels acquired voluntarily # of Parcels acquired by admin settlement # of Parcels acquired by condemnation # of Properties,0.3574863374233246,0,Funds were reallocated to another project or program.,0,0.772203125737841,False
198,Harvey_5B_ActionPlan,drgr-h5b-2024-q3.pdf,2024,3,Q3 2024,807350,Activity Description,0,1098,1098,The City of Wharton will provide a buyout program for residential dwellings affected by Hurricane Harvey. Assistance will be provided to homeowners who are located in a floodplain or reside in a repetitive flood area and who agree to relocate to outside the floodplain or a location of reduced flood risk. These activities will meet the urgent need national objective. Unexpended funds from this activity were moved to a low/mod housing relocation assistance activity. # of Singlefamily Units # of Multifamily Units # of Housing Units Activity funds eligible for DREF (Ike Only) Total acquisition compensation to owners # of Parcels acquired voluntarily # of Parcels acquired by admin settlement # of Parcels acquired by condemnation # of Properties,The City of Wharton will provide a buyout program for residential dwellings affected by Hurricane Harvey. Assistance will be provided to homeowners who are located in a floodplain or reside in a repetitive flood area and who agree to relocate to outside the floodplain or a location of reduced flood risk. These activities will meet the urgent need national objective. Unexpended funds from this activity were moved to a low/mod housing relocation assistance activity. # of Singlefamily Units # of Multifamily Units # of Housing Units Activity funds eligible for DREF (Ike Only) Total acquisition compensation to owners # of Parcels acquired voluntarily # of Parcels acquired by admin settlement # of Parcels acquired by condemnation # of Properties,0.3574863374233246,0,Funds were reallocated to another project or program.,0,1.0,False
199,Harvey_5B_ActionPlan,drgr-h5b-2024-q4 (1).pdf,2024,4,Q4 2024,847820,Activity Description,0,1102,1102,The City of Wharton will provide a buyout program for residential dwellings affected by Hurricane Harvey. Assistance will be provided to homeowners who are located in a floodplain or reside in a repetitive flood area and who agree to relocate to outside the floodplain or a location of reduced flood risk. These activities will meet the urgent need national objective. Unexpended funds from this activity were moved to a low/mod housing relocation assistance activity. # of Singlefamily Units # of Multifamily Units # of Housing Units Activity funds eligible for DREF (Ike Only) Total acquisition compensation to owners # of Parcels acquired voluntarily # of Parcels acquired by admin settlement # of Parcels acquired by condemnation # of Properties,The City of Wharton will provide a buyout program for residential dwellings affected by Hurricane Harvey. Assistance will be provided to homeowners who are located in a floodplain or reside in a repetitive flood area and who agree to relocate to outside the floodplain or a location of reduced flood risk. These activities will meet the urgent need national objective. Unexpended funds from this activity were moved to a low/mod housing relocation assistance activity. # of Singlefamily Units # of Multifamily Units # of Housing Units Activity funds eligible for DREF (Ike Only) Total acquisition compensation to owners # of Parcels acquired voluntarily # of Parcels acquired by admin settlement # of Parcels acquired by condemnation # of Properties,0.3574863374233246,0,Funds were reallocated to another project or program.,0,1.0,False
200,Harvey_5B_ActionPlan,drgr-h5b-2025-q1.pdf,2025,1,Q1 2025,877948,Activity Description,0,1115,1115,The City of Wharton will provide a buyout program for residential dwellings affected by Hurricane Harvey. Assistance will be provided to homeowners who are located in a floodplain or reside in a repetitive flood area and who agree to relocate to outside the floodplain or a location of reduced flood risk. These activities will meet the urgent need national objective. Unexpended funds from this activity were moved to a low/mod housing relocation assistance activity. # of Singlefamily Units # of Multifamily Units # of Housing Units Activity funds eligible for DREF (Ike Only) Total acquisition compensation to owners # of Parcels acquired voluntarily # of Parcels acquired by admin settlement # of Parcels acquired by condemnation # of Properties,The City of Wharton will provide a buyout program for residential dwellings affected by Hurricane Harvey. Assistance will be provided to homeowners who are located in a floodplain or reside in a repetitive flood area and who agree to relocate to outside the floodplain or a location of reduced flood risk. These activities will meet the urgent need national objective. Unexpended funds from this activity were moved to a low/mod housing relocation assistance activity. # of Singlefamily Units # of Multifamily Units # of Housing Units Activity funds eligible for DREF (Ike Only) Total acquisition compensation to owners # of Parcels acquired voluntarily # of Parcels acquired by admin settlement # of Parcels acquired by condemnation # of Properties,0.3574863374233246,0,Funds were reallocated to another project or program.,0,1.0,False
201,Harvey_5B_ActionPlan,drgr-h5b-2025-q2.pdf,2025,2,Q2 2025,913329,Activity Description,0,1128,1128,The City of Wharton will provide a buyout program for residential dwellings affected by Hurricane Harvey. Assistance will be provided to homeowners who are located in a floodplain or reside in a repetitive flood area and who agree to relocate to outside the floodplain or a location of reduced flood risk. These activities will meet the urgent need national objective. Unexpended funds from this activity were moved to a low/mod housing relocation assistance activity. # of Singlefamily Units # of Multifamily Units # of Housing Units Activity funds eligible for DREF (Ike Only) Total acquisition compensation to owners # of Parcels acquired voluntarily # of Parcels acquired by admin settlement # of Parcels acquired by condemnation # of Properties,The City of Wharton will provide a buyout program for residential dwellings affected by Hurricane Harvey. Assistance will be provided to homeowners who are located in a floodplain or reside in a repetitive flood area and who agree to relocate to outside the floodplain or a location of reduced flood risk. These activities will meet the urgent need national objective. Unexpended funds from this activity were moved to a low/mod housing relocation assistance activity. # of Singlefamily Units # of Multifamily Units # of Housing Units Activity funds eligible for DREF (Ike Only) Total acquisition compensation to owners # of Parcels acquired voluntarily # of Parcels acquired by admin settlement # of Parcels acquired by condemnation # of Properties,0.3574863374233246,0,Funds were reallocated to another project or program.,0,1.0,False
202,Harvey_5B_ActionPlan,drgr-h5b-2025-q3.pdf,2025,3,Q3 2025,950998,Activity Description,0,1131,1131,The City of Wharton will provide a buyout program for residential dwellings affected by Hurricane Harvey. Assistance will be provided to homeowners who are located in a floodplain or reside in a repetitive flood area and who agree to relocate to outside the floodplain or a location of reduced flood risk. These activities will meet the urgent need national objective. Unexpended funds from this activity were moved to a low/mod housing relocation assistance activity. # of Singlefamily Units # of Multifamily Units # of Housing Units Activity funds eligible for DREF (Ike Only) Total acquisition compensation to owners # of Parcels acquired voluntarily # of Parcels acquired by admin settlement # of Parcels acquired by condemnation # of Properties,The City of Wharton will provide a buyout program for residential dwellings affected by Hurricane Harvey. Assistance will be provided to homeowners who are located in a floodplain or reside in a repetitive flood area and who agree to relocate to outside the floodplain or a location of reduced flood risk. These activities will meet the urgent need national objective. Unexpended funds from this activity were moved to a low/mod housing relocation assistance activity. # of Singlefamily Units # of Multifamily Units # of Housing Units Activity funds eligible for DREF (Ike Only) Total acquisition compensation to owners # of Parcels acquired voluntarily # of Parcels acquired by admin settlement # of Parcels acquired by condemnation # of Properties,0.3574863374233246,0,Funds were reallocated to another project or program.,0,1.0,False
203,Harvey_5B_ActionPlan,drgr-h5b-2025-q4.pdf,2025,4,Q4 2025,989350,Activity Description,0,1499,1499,The City of Wharton will provide a buyout program for residential dwellings affected by Hurricane Harvey. Assistance will be provided to homeowners who are located in a floodplain or reside in a repetitive flood area and who agree to relocate to outside the floodplain or a location of reduced flood risk. These activities will meet the urgent need national objective. Unexpended funds from this activity were moved to a low/mod housing relocation assistance activity. # of Singlefamily Units # of Multifamily Units # of Housing Units Activity funds eligible for DREF (Ike Only) Total acquisition compensation to owners # of Parcels acquired voluntarily # of Parcels acquired by admin settlement # of Parcels acquired by condemnation # of Properties,The City of Wharton will provide a buyout program for residential dwellings affected by Hurricane Harvey. Assistance will be provided to homeowners who are located in a floodplain or reside in a repetitive flood area and who agree to relocate to outside the floodplain or a location of reduced flood risk. These activities will meet the urgent need national objective. Unexpended funds from this activity were moved to a low/mod housing relocation assistance activity. # of Singlefamily Units # of Multifamily Units # of Housing Units Activity funds eligible for DREF (Ike Only) Total acquisition compensation to owners # of Parcels acquired voluntarily # of Parcels acquired by admin settlement # of Parcels acquired by condemnation # of Properties,0.3574863374233246,0,Funds were reallocated to another project or program.,0,1.0,False
200,Harvey_5B_ActionPlan,drgr-h5b-2025-q1.pdf,2025,1,Q1 2025,880393,Activity Description,0,1372,1372,This activity will serve as the placeholder for Harris County to retain the Program Income generated by transferring to its annual CDBG program. $ 0.00 State Agency Texas General Land Office,This activity will serve as the placeholder for Harris County to retain the Program Income generated by transferring to its annual CDBG program. $ 0.00 State Agency Texas General Land Office,0.3539552092552185,4,Funds were redirected from one program to another program.,-1,0.017287917517668023,True
